DHFL,IGL,PNB,TATAPOWER,VOLTAS,mov_avg_14,mov_std_14,Upper,Lower,Daily_Average_DHFL
431.4,1000.25,166.8,83.55,431.85,,,,,430.95
424.45,1005.8,174.15,83.85,432.45,,,,,426.63333333333327
429.0,1019.1,165.05,85.35,430.2,,,,,427.2
417.95,1002.55,158.5,83.75,414.1,,,,,420.8
404.2,1000.15,155.2,84.15,415.75,,,,,409.76666666666665
404.0,987.2,150.95,82.05,415.65,,,,,405.4666666666667
402.0,981.45,149.75,80.5,409.85,,,,,400.3333333333333
395.55,982.65,147.45,80.25,446.5,,,,,398.6499999999999
405.5,984.45,150.7,80.4,474.75,,,,,403.4666666666667
410.65,1026.05,150.65,81.05,498.5,,,,,411.59999999999997
410.95,1026.05,145.1,81.15,484.6,,,,,413.5333333333333
412.15,1059.8,146.35,82.4,485.6,,,,,411.3833333333334
416.65,1074.35,150.5,81.0,486.35,,,,,416.8833333333334
416.9,1063.9,151.9,80.7,508.85,412.9535714285713,10.48554800823338,433.92466744503804,391.9824754121046,416.90000000000003
414.25,1088.35,153.05,81.05,500.45,411.72857142857134,9.071123123697243,429.87081767596584,393.58632518117685,415.0
430.75,1085.25,153.8,81.0,494.95,412.1785714285714,9.871690570782436,431.9219525701363,392.4351902870065,425.56666666666666
424.6,1116.75,149.5,79.6,487.0,411.8642857142857,9.351273639527337,430.56683299334037,393.16173843523103,427.2
431.45,1106.2,152.35,80.0,483.25,412.82857142857137,10.63502403681987,434.0986195022111,391.55852335493165,429.2
434.45,1095.95,151.3,79.05,487.65,414.9892857142857,11.760497415098955,438.51028054448363,391.46829088408776,434.2833333333333
435.7,1098.7,152.15,77.8,492.35,417.2535714285714,12.509726435638198,442.27302429984775,392.234118557295,435.38333333333327
428.35,1073.55,148.4,78.9,486.55,419.13571428571424,12.010499070067299,443.15671242584887,395.1147161455796,429.90000000000003
440.1,1090.95,148.75,78.1,491.55,422.3178571428571,11.1518471588766,444.6215514606103,400.01416282510394,437.81666666666666
446.4,1073.6,152.0,77.55,491.45,425.2392857142857,11.748488913823797,448.7362635419333,401.7423078866381,445.65000000000003
463.25,1063.5,147.45,77.1,494.4,428.99642857142857,14.750990374648264,458.4984093207251,399.49444782213203,457.1166666666666
454.8,1060.45,147.65,77.9,489.55,432.12857142857143,15.27063187304954,462.66983517467054,401.58730768247233,457.5
458.85,1069.7,147.25,78.05,474.15,435.4642857142858,15.666260029014625,466.79680577231505,404.1317656562565,458.6333333333334
459.9,1086.35,143.9,82.1,470.85,438.5535714285715,15.932857490174056,470.4192864089196,406.6878564482234,460.7666666666667
461.2,1093.7,146.2,81.75,468.3,441.7178571428572,15.698929497345809,473.1157161375488,410.3199981481656,461.3999999999999
456.5,1077.2,145.55,82.75,465.7,444.7357142857144,13.979262506290404,472.6942392982952,416.77718927313356,459.25
439.8,1068.0,143.9,81.5,454.3,445.3821428571429,13.483231853260834,472.3486065636646,418.41567915062126,444.6333333333334
426.5,1052.2,137.0,81.1,446.05,445.5178571428572,13.26576865966931,472.04939446219583,418.9863198235186,429.9666666666667
427.85,1036.15,136.5,81.65,449.85,445.2607142857144,13.590355440127656,472.44142516596975,418.0800034054591,426.90000000000003
436.2,1052.75,138.05,81.55,453.65,445.3857142857144,13.490957492555168,472.36762927082475,418.4037993006041,435.65000000000003
437.2,1056.65,137.3,80.55,457.25,445.49285714285725,13.41385416338197,472.3205654696212,418.6651488160933,435.56666666666666
442.45,1052.35,139.25,80.4,469.0,446.50000000000006,12.527784505465466,471.555569010931,421.44443098906913,441.7166666666667
435.95,1062.0,136.55,81.2,463.35,446.2035714285715,12.73819912832906,471.6799696852296,420.72717317191336,438.18333333333334
435.8,1072.0,136.6,81.75,475.75,445.4464285714286,13.037143155168154,471.52071488176495,419.3721422610923,436.06666666666666
437.9,1073.4,143.3,81.95,470.75,443.6357142857143,12.101023932699944,467.8377621511142,419.4336664203144,438.6166666666666
435.55,1072.35,144.2,81.7,466.55,442.2607142857143,11.825399303250418,465.9115128922151,418.6099156792135,436.3333333333333
437.05,1072.3,153.25,83.45,467.0,440.7035714285715,10.869584669117666,462.4427407668068,418.96440209033614,448.0
437.45,1117.75,149.4,83.0,463.1,439.1,9.372648423019806,457.8452968460396,420.35470315396043,439.65000000000003
434.9,1121.2,152.35,83.05,473.6,437.2214285714286,6.916138158897946,451.0537048892245,423.3891522536327,433.73333333333335
443.0,1125.1,152.25,83.25,484.75,436.25714285714287,4.561876180445012,445.3808952180329,427.13339049625284,440.6166666666666
443.05,1121.85,153.65,82.95,482.85,436.48928571428576,4.830797774990631,446.150881264267,426.8276901643045,443.01666666666665
456.15,1145.3,152.9,83.4,483.8,438.60714285714283,6.369031358029101,451.34520557320104,425.8690801410846,451.9166666666667
459.75,1128.6,154.85,82.45,485.55,440.88571428571424,7.775489808252553,456.43669390221936,425.3347346692091,459.1166666666666
469.25,1134.1,158.3,82.95,493.75,443.24642857142857,10.70769788311389,464.66182433765636,421.8310328052008,466.8
477.6,1124.8,156.75,82.9,490.9,446.13214285714287,13.91606165472186,473.9642661665866,418.30001954769915,475.2666666666667
458.75,1146.2,158.25,83.35,499.7,447.29642857142863,14.261870417382008,475.82016940619263,418.77268773666464,461.48333333333335
455.9,1135.9,161.3,83.25,502.3,448.7214285714286,14.035843049488994,476.79311467040657,420.6497424724506,457.18333333333334
462.55,1124.4,162.95,83.0,504.15,450.63214285714287,13.962086122821963,478.5563151027868,422.7079706114989,460.25
458.75,1131.8,158.9,82.55,499.05,452.1214285714286,13.60700772913201,479.33544402969267,424.9074131131646,460.1166666666666
449.75,1177.0,154.15,82.0,515.9,453.1357142857143,12.780896630570084,478.69750754685447,427.57392102457413,452.8333333333333
460.4,1190.65,158.85,82.15,510.8,454.80357142857144,12.02127064008614,478.8461127087437,430.7610301483992,456.8
456.75,1179.1,162.3,82.0,504.25,456.1821428571429,10.935749545955575,478.05364194905405,434.3106437652317,458.98333333333335
465.95,1189.95,157.5,82.8,533.65,458.40000000000003,9.316218281949093,477.0324365638982,439.76756343610185,463.2666666666667
460.8,1176.9,158.95,82.6,542.35,459.67142857142863,8.200673384304707,476.07277534003805,443.2700818028192,462.76666666666665
450.85,1184.45,149.3,82.65,538.3,460.22857142857146,7.186866073334301,474.60230357524006,445.85483928190285,452.3666666666666
456.7,1180.25,151.05,80.25,541.7,460.2678571428572,7.164324197633077,474.5965055381234,445.93920874759107,452.75
456.75,1196.4,152.1,80.0,536.85,460.0535714285715,7.225607887275572,474.50478720312265,445.60235565402036,457.95
448.85,1225.1,148.8,78.25,537.45,458.59642857142865,7.2850865652877435,473.16660170200413,444.02625544085316,452.2833333333333
427.85,1231.0,148.3,77.8,527.6,455.04285714285726,9.187614094380153,473.4180853316176,436.6676289540969,433.1499999999999
406.35,1214.2,143.15,76.7,520.15,451.3000000000001,15.83201478990254,482.9640295798052,419.63597042019506,408.3333333333333
416.8,1215.5,140.35,76.55,517.2,448.50714285714304,18.22587823295869,484.9588993230604,412.0553863912257,409.3333333333333
438.75,1295.65,143.2,79.55,554.2,446.807142857143,17.92272791246288,482.65259868206874,410.96168703221724,434.18333333333334
449.0,1274.35,147.55,82.05,542.5,446.11071428571444,17.60965839195408,481.3300310696226,410.8913975018063,443.26666666666665
448.45,1274.35,146.3,81.65,543.35,446.0178571428573,17.592411029309655,481.2026792014766,410.83303508423796,448.7833333333333
450.35,1277.5,142.15,80.3,537.7,445.3000000000002,17.160139411303888,479.62027882260793,410.97972117739243,447.1333333333334
448.75,1256.25,137.6,80.2,532.6,444.7285714285716,16.880447431703512,478.48946629197866,410.9676765651646,452.4166666666667
455.8,1259.3,138.0,80.05,524.9,444.00357142857166,16.09876326217107,476.2010979529138,411.8060449042295,456.4666666666667
467.75,1268.25,142.65,78.75,522.0,444.50000000000017,16.750510899211868,478.0010217984239,410.99897820157645,465.3
474.05,1251.85,144.3,79.15,521.0,446.157142857143,18.484857182433014,483.12685722200905,409.187428492277,473.8
490.95,1242.75,144.85,78.85,538.2,448.6035714285716,21.932461578197763,492.4684945849672,404.7386482721761,486.1333333333334
493.4,1241.55,141.0,76.95,520.05,451.2214285714287,24.958178205563396,501.1377849825555,401.3050721603019,493.2833333333333
503.4,1256.85,142.5,77.65,523.2,455.11785714285725,28.557995021890637,512.2338471866385,398.001867099076,502.4666666666667
505.2,1275.6,143.8,79.25,524.75,460.6428571428572,30.305615480803734,521.2540881044647,400.03162618124975,504.7
516.95,1275.0,144.45,80.1,526.8,468.54285714285714,29.467889023757472,527.4786351903721,409.6070790953422,512.8666666666667
520.85,1262.15,142.65,78.45,519.35,475.975,28.519944101250715,533.0148882025014,418.9351117974986,519.4499999999999
550.35,1318.75,143.6,78.35,522.7,483.9464285714286,32.61708179352162,549.1805921584719,418.71226498438534,541.9499999999999
556.0,1304.7,139.0,78.0,526.25,491.5892857142858,36.14398651212975,563.8772587385453,419.3013126900263,554.3000000000001
550.95,1311.3,138.95,77.35,531.55,498.91071428571433,37.1020328002671,573.1147798862485,424.70664868518014,551.5
544.3,1374.9,137.85,77.0,537.25,505.6214285714286,36.12676779962968,577.874964170688,433.3678929721693,547.4166666666666
548.3,1385.1,138.15,80.6,534.65,512.7321428571429,33.79359638442491,580.3193356259927,445.14495008829306,548.8499999999999
557.8,1427.85,141.5,81.0,562.5,520.0178571428572,31.49211505185974,583.0020872465767,457.03362703913774,556.4666666666667
552.1,1400.4,143.0,84.8,549.2,526.0428571428572,28.665067571891555,583.3729922866403,468.7127219990741,555.4833333333335
561.0,1428.85,145.25,85.25,545.35,532.2535714285715,25.810913495932606,583.8753984204367,480.6317444367063,560.7666666666667
568.3,1439.7,144.65,84.3,544.75,537.7785714285716,24.536697118693798,586.8519656659591,488.70517719118396,565.9333333333334
602.05,1443.25,144.75,83.7,552.05,545.5392857142858,26.52256063293069,598.5844069801472,492.49416444842444,595.8166666666667
609.4,1483.75,143.9,84.6,548.35,553.1107142857145,28.615085979329333,610.3408862443731,495.8805423270558,610.2333333333332
590.75,1498.65,144.8,84.0,549.15,559.2214285714288,26.664884097930372,612.5511967672895,505.891660375568,584.5333333333333
595.4,1516.35,141.8,83.1,535.1,564.8250000000003,25.30676976925077,615.4385395385018,514.2114604614987,587.65
568.2,1436.4,137.7,80.4,515.25,568.2071428571431,21.914289833373996,612.0357225238911,524.3785631903952,572.0666666666667
524.55,1453.75,137.65,81.85,509.65,566.3642857142859,24.467548591265814,615.2993828968175,517.4291885317542,536.6999999999999
556.4,1435.25,136.65,79.95,518.7,566.3928571428572,24.454745151801934,615.3023474464611,517.4833668392533,546.9333333333334
525.55,1409.45,132.65,78.15,512.55,564.5785714285715,26.541728497751823,617.6620284240752,511.4951144330679,535.1833333333333
534.35,1459.1,130.75,77.25,501.0,563.8678571428571,27.25026186989845,618.368380882654,509.36733340306023,528.3333333333334
549.65,1471.9,129.05,77.8,506.05,563.9642857142858,27.193264356705054,618.3508144276959,509.5777570008757,549.35
549.7,1475.55,129.6,77.4,522.95,563.3857142857144,27.419732006289234,618.2251782982928,508.5462502731359,552.6
553.85,1451.1,129.95,78.0,520.3,563.5107142857142,27.368266144537923,618.2472465747901,508.7741819966384,553.0166666666668
558.1,1438.55,132.35,78.95,518.9,563.3035714285714,27.399687423018893,618.1029462746093,508.50419658253367,562.9166666666666
546.55,1442.25,137.05,80.65,528.6,561.7499999999999,27.709461033539593,617.168922067079,506.3310779329207,552.1
544.7,1444.85,137.3,81.45,520.0,557.6535714285714,25.439622822295867,608.5328170731631,506.77432578397963,541.2166666666667
551.55,1487.1,137.0,81.55,528.45,553.5214285714285,20.631908766293922,594.7852461040163,512.2576110388407,552.2166666666667
526.15,1520.25,131.7,81.0,522.5,548.9071428571427,18.80860949695131,586.5243618510453,511.2899238632401,534.7166666666667
532.0,1528.3,133.8,81.7,535.45,544.3785714285714,13.689084847281002,571.7567411231333,517.0004017340094,533.1166666666667
537.8,1521.85,135.0,81.65,532.5,542.2071428571428,11.916017938745181,566.0391787346332,518.3751069796524,538.8833333333333
558.25,1523.25,133.85,81.95,531.75,544.6142857142856,11.470252974399369,567.5547916630844,521.6737797654869,553.8333333333334
591.85,1497.5,134.4,81.6,539.15,547.1464285714285,16.899959766517355,580.9463481044631,513.3465090383938,582.9166666666666
602.5,1573.75,130.9,81.9,537.45,552.6428571428571,21.281220117050317,595.2052973769578,510.0804169087565,598.2666666666668
594.35,1555.15,129.55,81.5,533.35,556.9285714285713,23.26319075183072,603.4549529322328,510.40218992490986,596.6999999999999
582.95,1613.2,131.0,81.75,543.85,559.3071428571428,24.147335074678747,607.6018130065003,511.0124727077853,587.1166666666667
596.65,1593.7,138.2,82.15,537.95,562.6607142857142,25.906579046877425,614.4738723794691,510.84755619195937,593.4833333333333
577.8,1571.1,202.05,82.25,534.3,564.3714285714285,26.070257989678062,616.5119445507846,512.2309125920724,583.0
603.65,1591.15,213.6,82.15,534.15,567.6249999999999,27.99839796241137,623.6217959248227,511.62820407517717,597.2166666666666
611.55,1585.75,196.65,85.1,542.4,572.267857142857,29.57948618125876,631.4268295053745,513.1088847803395,604.5833333333334
647.9,1613.9,203.95,85.95,559.8,579.6392857142856,34.61191534812778,648.8631164105411,510.41545501803006,637.1666666666666
642.75,1585.15,197.15,84.9,567.6,586.1535714285712,37.3894805459308,660.9325325204328,511.3746103367096,644.4333333333333
642.25,1582.8,198.9,85.2,561.8,594.4464285714284,35.90289502086365,666.2522186131557,522.6406385297012,645.9499999999999
649.75,1571.4,197.45,84.8,545.65,602.8571428571428,33.884191101359406,670.6255250598616,535.0887606544239,651.75
665.65,1572.7,207.8,84.5,548.95,611.9892857142856,32.187869063285355,676.3650238408563,547.613547587715,664.1166666666667
642.15,1558.6,201.2,85.45,552.85,617.9821428571428,29.072486379492073,676.127115616127,559.8371700981586,650.7166666666667
632.85,1549.25,190.8,83.05,547.85,620.9107142857141,28.2921787138012,677.4950717133165,564.3263568581117,636.1999999999999
624.0,1566.85,189.05,83.3,556.65,622.4464285714284,27.7951120791866,678.0366527298016,566.8562044130553,627.1833333333333
633.0,309.95,192.3,83.75,563.75,625.2071428571427,26.68715376026854,678.5814503776797,571.8328353366056,637.6833333333333
638.4,321.65,190.1,82.95,571.7,629.1678571428569,23.9027163498448,676.9732898425465,581.3624244431672,636.3666666666667
633.2,314.4,187.65,82.2,576.6,631.7785714285712,21.9979781788255,675.7745277862223,587.7826150709202,636.4333333333334
621.85,314.15,184.05,81.8,600.0,634.925,16.02194108570759,666.9688821714151,602.8811178285848,626.4833333333333
615.45,303.75,180.7,82.05,583.85,635.7678571428571,14.486965058059782,664.7417872589767,606.7939270267375,619.0000000000001
623.5,299.6,189.6,84.8,614.15,636.6214285714286,13.249480603547243,663.1203897785231,610.1224673643342,624.1333333333333
635.5,301.8,190.8,88.95,611.5,635.7357142857144,12.845837825949214,661.4273899376128,610.044038633816,640.7833333333333
638.55,304.85,187.25,91.7,630.45,635.4357142857143,12.717831645303372,660.871377576321,610.0000509951076,638.5666666666666
621.35,310.05,186.3,92.9,629.05,633.9428571428572,13.077974101268317,660.0988053453938,607.7869089403206,628.0666666666667
620.4,306.95,189.2,93.05,622.85,631.8464285714286,12.69599367889508,657.2384159292188,606.4544412136385,623.5500000000001
618.65,305.1,186.5,93.15,624.8,628.4892857142858,8.634126800344895,645.7575393149756,611.2210321135959,621.4333333333333
618.0,312.25,186.1,93.65,623.55,626.7642857142857,8.090246467946843,642.9447786501794,610.5837927783921,621.8666666666667
615.95,312.25,185.85,95.25,649.1,625.5571428571429,8.368389633315587,642.2939221237741,608.8203635905118,617.0
616.6,326.7,183.7,95.85,636.5,625.0285714285716,8.701386146997484,642.4313437225666,607.6257991345766,618.6666666666666
618.2,325.55,181.6,95.05,643.4,623.9714285714288,8.55625534299583,641.0839392574204,606.8589178854371,618.8000000000001
616.55,326.6,176.1,94.7,636.6,622.4107142857144,7.668697075462292,637.7481084366391,607.0733201347898,616.9833333333332
599.95,317.5,171.5,90.25,616.4,620.0357142857144,9.087701507056558,638.2111172998276,601.8603112716013,610.8833333333333
590.65,333.0,173.2,89.85,610.4,617.8071428571429,11.975357022828803,641.7578569028005,593.8564288114853,593.1999999999999
596.65,327.0,175.95,88.9,620.95,616.4642857142857,13.246602301251144,642.9574903167879,589.9710811117834,591.0166666666665
586.0,324.3,172.1,87.4,599.8,613.7857142857143,15.340412046561244,644.4665383788368,583.1048901925918,588.2166666666667
601.85,332.6,173.9,90.85,617.6,611.3821428571429,14.275686796666676,639.9335164504762,582.8307692638095,597.0
601.05,327.8,172.7,91.6,625.75,608.7035714285714,12.145123495679833,632.9938184199311,584.4133244372117,603.0833333333333
600.1,328.0,172.95,93.55,625.7,607.1857142857143,11.76496475151691,630.7156437887481,583.6557847826805,601.3166666666667
582.05,322.5,173.7,90.55,629.35,604.4464285714286,12.86474706447844,630.1759227003854,578.7169344424717,586.2666666666667
576.25,322.1,167.8,90.25,619.6,601.4178571428572,14.1866894162608,629.7912359753788,573.0444783103356,580.0833333333334
586.95,319.5,169.6,90.5,616.95,599.2,13.817199426802791,626.8343988536056,571.5656011463944,584.4666666666667
591.75,318.85,171.6,91.2,631.55,597.4714285714286,13.053156327491417,623.5777412264115,571.3651159164458,593.25
602.4,326.2,178.75,91.1,629.45,596.4571428571428,11.958226282530973,620.3735954222047,572.5406902920809,593.9333333333334
609.7,327.95,178.75,91.1,633.35,595.85,10.941979851789249,617.7339597035785,573.9660402964215,608.5666666666667
607.0,328.15,170.5,90.85,637.6,595.1678571428572,9.789193554098269,614.7462442510538,575.5894700346606,611.75
600.5,328.95,173.5,91.0,649.6,595.2071428571428,9.810940853944594,614.829024565032,575.5852611492536,603.0666666666667
593.4,329.15,175.95,92.75,658.95,595.4035714285714,9.739954673046775,614.8834807746649,575.9236620824778,594.8666666666667
595.05,330.55,174.3,93.15,654.55,595.2892857142857,9.733589316847596,614.7564643479809,575.8221070805905,594.5833333333334
592.9,331.7,174.1,92.3,668.55,595.7821428571427,9.39587894817882,614.5739007535004,576.990384960785,595.95
585.7,328.35,170.8,92.05,656.15,594.6285714285714,9.583132503073681,613.7948364347187,575.462306422424,587.5166666666668
582.7,335.8,171.4,93.5,655.9,593.3178571428572,9.88735803443656,613.0925732117303,573.5431410739841,584.9
590.85,339.75,169.75,97.15,648.95,592.657142857143,9.706695887632572,612.0705346324081,573.2437510818778,591.1333333333333
583.4,335.2,166.4,99.7,647.4,592.7535714285715,9.599328187346742,611.952227803265,573.554915053878,584.9166666666666
587.65,332.75,166.6,100.8,643.6,593.5678571428572,8.513826021039083,610.5955091849354,576.540205100779,588.1666666666666
588.55,329.05,176.45,99.6,645.7,593.6821428571428,8.428468405966088,610.539079669075,576.8252060452106,587.8166666666666
611.5,329.85,176.0,99.55,646.35,595.092857142857,9.645203214810191,614.3832635724774,575.8024507132367,605.3000000000001
620.95,328.2,175.7,99.85,638.65,596.4178571428572,11.766994373817253,619.9518458904917,572.8838683952227,617.2833333333334
624.7,323.05,174.65,98.6,648.6,597.4892857142858,13.608257936487481,624.7058015872607,570.2727698413108,624.1666666666666
615.85,325.75,170.65,98.25,629.3,598.1214285714286,14.273344094794059,626.6681167610168,569.5747403818405,618.1833333333334
617.1,322.25,172.75,99.55,625.85,599.3071428571429,15.1487859013769,629.6047146598968,569.0095710543891,618.0833333333334
614.15,327.5,174.2,99.05,633.95,600.7892857142858,15.536497706660047,631.8622811276059,569.7162903009657,613.85
616.9,323.65,172.15,97.95,632.45,602.3500000000001,16.005984457745193,634.3619689154905,570.3380310845098,618.1
602.05,316.8,165.55,93.65,623.05,603.0035714285715,15.775583181781816,634.5547377921351,571.4524050650078,606.5166666666668
608.95,314.75,175.55,93.2,628.25,604.6642857142858,15.019556848060812,634.7033994104074,574.6251720181642,602.9333333333334
590.15,305.45,170.5,90.6,600.45,605.1964285714286,14.296051960187976,633.7885324918045,576.6043246510526,595.7166666666667
612.5,311.5,176.4,92.2,618.2,606.7428571428571,13.786683334387577,634.3162238116323,579.169490474082,603.4333333333334
631.05,309.7,176.0,92.1,624.95,610.1464285714285,13.458518381791157,637.0634653350108,583.2293918078461,627.6833333333333
613.85,312.35,185.8,92.5,625.55,612.0178571428571,11.81038667938211,635.6386305016214,588.3970837840928,618.5166666666668
578.85,313.25,194.65,91.8,611.1,611.325,13.46206564901926,638.2491312980386,584.4008687019615,584.0500000000001
595.8,307.3,180.9,89.95,615.1,610.2035714285714,14.085842104831388,638.3752556382342,582.0318872189087,590.35
596.25,310.35,173.95,90.05,615.45,608.4392857142857,14.182819761023174,636.804925236332,580.0736461922394,599.1833333333334
588.45,306.8,172.65,90.6,609.0,605.85,14.294377592930514,634.438755185861,577.261244814139,591.25
582.2,304.65,171.35,89.0,605.0,603.4464285714286,15.278749247614213,634.003927066657,572.8889300762002,584.7666666666668
568.35,302.9,167.55,89.7,607.05,599.9642857142857,17.343380787577164,634.65104728944,565.2775241391313,576.1333333333333
519.45,289.15,161.85,84.8,572.55,593.2,27.105271982232757,647.4105439644655,538.9894560355345,531.7166666666667
509.8,296.75,163.7,85.0,596.1,585.5500000000001,34.110228558421205,653.7704571168425,517.3295428831576,505.43333333333334
505.55,290.85,161.05,82.8,586.1,578.6571428571428,39.7958147062214,658.2487722695856,499.06551344470006,494.98333333333335
500.2,292.25,156.55,84.7,599.75,570.8892857142857,43.83649769563964,658.562281105565,483.21629032300643,505.2166666666667
513.4,290.2,159.35,85.05,600.2,565.407142857143,45.98878566121796,657.3847141795789,473.42957153470707,510.43333333333334
514.45,289.55,156.8,85.05,593.7,558.4035714285716,45.73063467526159,649.8648407790947,466.9423020780484,509.81666666666666
525.75,302.45,161.65,86.75,592.5,550.882142857143,41.308900173165156,633.4999432034733,468.26434251081264,525.1166666666667
552.0,307.75,145.85,87.1,601.75,546.4642857142859,37.15516543741071,620.7746165891073,472.15395483946446,549.0
553.05,304.2,128.25,86.25,583.75,544.6214285714286,36.04865683129817,616.718742234025,472.5241149088323,557.7333333333332
541.3,295.05,125.55,86.65,584.65,540.7285714285715,32.90218436918402,606.5329401669395,474.92420269020346,546.7666666666667
547.3,294.75,116.5,86.1,575.25,537.2321428571429,28.9064845476087,595.0451119523602,479.4191737619255,542.9333333333333
545.1,296.85,116.55,86.4,557.7,534.1357142857144,25.064543057501773,584.264800400718,484.0066281707108,546.9
557.35,293.9,117.3,86.35,582.5,532.3607142857144,22.103995275580818,576.568704836876,488.15272373455275,552.4833333333333
551.05,291.7,114.6,84.9,581.05,531.1250000000001,20.35135366883216,571.8277073376644,490.4222926623358,553.4833333333332
576.3,295.5,113.45,85.75,588.9,535.1857142857144,23.300597785097665,581.7869098559097,488.5845187155191,569.4333333333334
582.4,297.0,112.0,85.9,613.65,540.3714285714287,25.21630054521981,590.8040296618683,489.9388274809891,581.5333333333334
563.4,305.2,98.35,85.65,607.2,544.5035714285715,23.76963531876018,592.0428420660919,496.96430079105113,571.3166666666667
546.2,304.7,101.4,84.5,609.4,547.7892857142858,20.06503060791934,587.9193469301244,507.65922449844714,550.9166666666666
537.6,306.15,101.05,84.3,619.0,549.5178571428572,17.787718398496516,585.0932939398502,513.9424203458642,541.3166666666667
532.1,305.3,100.1,82.15,624.7,550.7785714285716,15.602301534929023,581.9831744984297,519.5739683587135,531.7666666666668
508.4,310.8,97.85,81.75,622.85,549.5392857142859,18.213743527807214,585.9667727699003,513.1117986586715,517.1
497.75,308.1,95.5,79.2,626.6,545.6642857142859,22.834660130966256,591.3336059762185,499.9949654523534,503.3833333333334
494.45,310.8,96.65,79.9,630.95,541.4785714285716,26.459771455825976,594.3981143402236,488.5590285169197,495.34999999999997
496.25,300.85,95.6,80.0,629.4,538.2607142857145,29.091607159847577,596.4439286054096,480.07749996601933,499.43333333333334
513.9,302.9,94.6,80.85,638.85,535.8750000000001,29.657316842690445,595.189633685381,476.5603663146192,510.90000000000003
516.15,303.6,97.95,81.35,639.75,533.8071428571429,29.97222340474951,593.751589666642,473.8626960476439,517.4499999999999
521.7,301.2,99.3,80.4,640.85,531.2607142857144,29.325600384512622,589.9119150547396,472.6095135166891,520.4833333333333
515.45,298.3,98.55,80.25,640.35,528.7178571428572,29.01951337623438,586.7568838953259,470.6788303903884,517.7833333333333
510.35,296.2,98.85,79.95,627.2,524.0071428571429,25.884899497159793,575.7769418514624,472.2373438628233,513.1333333333333
496.9,290.35,96.55,79.55,620.9,517.9,20.593641662491848,559.0872833249837,476.7127166750163,502.1333333333334
503.4,286.95,96.85,80.35,620.7,513.6142857142858,16.16294942348016,545.940184561246,481.2883868673254,502.31666666666666
520.2,294.35,97.6,79.95,613.35,511.75714285714287,13.385954998013212,538.5290528531693,484.98523286111646,519.0333333333333
517.7,291.25,96.55,80.0,614.55,510.3357142857143,11.329224098823477,532.9941624833613,487.6772660880673,522.3166666666667
495.15,282.0,93.15,80.0,604.25,507.6964285714285,10.106994232590937,527.9104170366104,487.4824401062466,497.68333333333334
502.5,282.1,95.8,79.9,613.9,507.275,10.197996598127926,527.6709931962558,486.8790068037441,499.56666666666666
521.75,280.2,99.45,80.1,623.2,508.9892857142857,10.486789832406055,529.9628653790978,488.0157060494736,517.6333333333333
510.15,279.45,95.3,79.0,620.9,510.1107142857142,9.615675874711904,529.342066035138,490.8793625362904,513.7166666666667
523.05,279.35,96.3,81.9,638.5,512.025,9.306733501158309,530.6384670023166,493.41153299768337,520.4666666666667
533.6,278.05,95.45,84.45,647.85,513.4321428571428,10.955304425482147,535.3427517081071,491.5215340061785,529.6999999999999
521.35,281.25,94.4,83.05,618.0,513.8035714285714,11.141113469519237,536.0857983676099,491.52134448953296,527.6166666666667
540.3,289.85,97.0,83.5,631.2,515.132142857143,13.093195636591746,541.3185341303265,488.94575158395946,537.8666666666667
539.35,296.65,102.15,84.5,631.75,516.8392857142859,14.60825870963118,546.0558031335482,487.62276829502355,539.5666666666667
530.55,303.5,105.25,85.0,634.6,518.282142857143,14.912418768145091,548.1069803934331,488.45730532085275,535.4666666666666
535.4,296.05,105.2,87.1,633.55,521.032142857143,14.198843494927623,549.4298298469982,492.6344558672877,535.15
531.0,294.7,102.2,87.0,632.45,523.0035714285716,13.459189944275447,549.9219513171225,496.08519154002073,532.45
527.4,289.85,101.25,87.85,638.8,523.5178571428572,13.48136330618858,550.4805837552344,496.5551305304801,530.8000000000001
547.55,293.75,101.3,87.65,638.1,525.6500000000002,14.787637768395326,555.2252755367908,496.0747244632096,541.65
573.2,295.75,99.15,87.8,647.1,531.2250000000001,16.957840823190185,565.1406816463805,497.30931835361974,563.7
589.55,293.25,97.95,87.45,637.45,537.4428571428573,21.0746006180148,579.5920583788869,495.29365590682767,584.9166666666666
593.15,293.05,97.15,87.65,643.0,542.5428571428573,25.21703375119342,592.9769246452441,492.1087896404705,595.85
591.1,294.8,96.1,86.8,640.4,548.3250000000002,26.467859682148095,601.2607193642964,495.389280635704,593.1666666666666
585.3,294.4,93.6,85.9,635.9,552.7714285714287,27.116066159309987,607.0035608900487,498.53929625280875,584.9166666666666
581.35,294.95,94.1,85.4,654.6,556.1821428571429,27.51920034017465,611.2205435374922,501.14374217679364,586.2333333333333
584.15,299.75,93.15,85.25,638.8,560.6678571428572,26.50428562692147,613.6764283967001,507.65928588901426,585.3833333333333
609.15,297.15,92.3,86.05,637.65,565.5857142857143,28.728540007961396,623.0427943016371,508.1286342697915,603.9333333333333
621.45,295.35,91.0,86.05,629.85,571.4499999999999,31.231548398768858,633.9130967975376,508.9869032024622,623.2833333333333
634.5,291.1,93.4,87.8,635.7,578.8749999999999,33.06286407390102,645.000728147802,512.7492718521978,633.0
641.0,287.7,95.4,88.3,642.5,586.4178571428572,34.400249368186685,655.2183558792306,517.6173584064838,645.6833333333334
648.45,279.95,92.8,87.0,628.1,594.8071428571429,34.16636817523534,663.1398792076136,526.4744065066723,651.1333333333333
631.5,271.25,92.05,86.15,615.1,602.2428571428572,29.357235100521162,660.9573273438996,543.5283869418149,636.5
627.65,271.5,91.55,85.45,614.65,607.9642857142859,25.419468830099767,658.8032233744855,557.1253480540863,630.9333333333333
627.5,266.4,93.8,85.1,627.55,611.8428571428573,23.797905993392522,659.4386691296423,564.2470451560722,628.0
622.95,268.15,92.65,84.25,620.2,614.2285714285716,23.053680786421413,660.3359330014144,568.1212098557288,626.0166666666668
625.15,267.6,93.0,83.35,614.8,616.5142857142858,22.379535883785547,661.2733574818569,571.7552139467148,625.9833333333333
623.85,262.55,91.4,82.0,601.95,618.8535714285716,21.199205938374213,661.2519833053201,576.4551595518232,626.3833333333333
625.6,266.5,88.8,81.9,618.0,621.7321428571431,18.90451316833857,659.5411691938202,583.923116520466,628.1999999999999
625.2,269.45,89.3,81.55,596.15,624.864285714286,14.909759691757342,654.6838050978007,595.0447663307713,627.0666666666667
621.6,269.35,85.95,81.25,597.75,627.539285714286,9.375647230406466,646.290580175099,608.7879912534731,625.1
615.75,269.25,75.6,81.25,591.35,628.0107142857147,8.505409558525635,645.021533402766,610.9998951686634,618.1833333333333
617.5,273.2,76.45,81.65,583.2,627.7285714285717,8.800190432505945,645.3289522935836,610.1281905635599,618.1666666666666
614.0,265.95,74.75,80.85,551.75,626.2642857142861,9.279286871046832,644.8228594563798,607.7057119721924,618.0
614.6,259.4,78.15,78.8,543.65,624.3785714285717,8.719997227543667,641.8185658836591,606.9385769734844,611.0333333333333
607.65,259.1,81.55,77.85,550.8,621.464285714286,6.621684324756139,634.7076543637983,608.2209170647737,609.5666666666666
601.15,262.7,80.55,77.45,544.8,619.2964285714288,7.923515737876048,635.143460047181,603.4493970956767,603.2
601.0,252.95,82.1,76.45,531.45,617.3928571428575,8.902956664089464,635.1987704710364,599.5869438146785,603.1666666666666
615.05,257.5,83.35,81.2,537.65,616.5035714285716,8.424676763618061,633.3529249558077,599.6542179013355,613.2666666666667
630.0,260.85,88.7,82.3,557.5,617.007142857143,9.028690533364749,635.0645239238725,598.9497617904135,629.2166666666667
624.3,268.85,85.65,83.5,543.5,616.9464285714287,8.972403508831519,634.8912355890917,599.0016215537656,625.9333333333333
623.55,263.9,86.1,82.45,548.4,616.9250000000001,8.95498894042278,634.8349778808456,599.0150221191545,622.1666666666666
613.15,265.0,83.65,81.3,539.95,616.0357142857143,8.639876881500651,633.3154680487156,598.755960522713,621.7
609.9,265.75,82.95,79.6,532.9,614.9428571428571,8.35445199470825,631.6517611322736,598.2339531534406,613.0833333333334
601.6,267.85,83.2,77.2,532.8,613.5142857142856,8.825235420077822,631.1647565544413,595.86381487413,605.2833333333333
604.4,260.1,82.65,78.8,518.2,612.7035714285713,9.12044331508901,630.9444580587493,594.4626847983933,599.4499999999999
604.85,262.9,84.7,78.1,530.4,611.8,9.234612981770924,630.2692259635418,593.3307740364581,605.7833333333333
616.85,262.85,86.1,78.35,522.95,612.0035714285714,9.317879097688278,630.6393296239479,593.3678132331949,614.7833333333333
623.2,279.0,90.45,77.95,529.8,612.6178571428571,9.774507800767687,632.1668727443925,593.0688415413217,621.1333333333333
619.3,276.75,91.6,78.4,524.7,613.4499999999999,9.814863140235563,633.079726280471,593.8202737195288,620.7833333333333
621.75,273.4,91.75,77.8,533.25,614.9214285714286,9.362768210921669,633.6469649932719,596.1958921495852,621.6333333333333
629.4,267.8,91.3,77.05,524.7,616.9499999999999,9.189500697912845,635.3290013958256,598.5709986041743,632.4666666666667
625.55,267.0,91.7,77.3,526.15,617.6999999999999,9.44736430480535,636.5947286096107,598.8052713903892,629.1833333333333
625.55,263.2,89.85,76.1,519.65,617.3821428571428,9.068979400277358,635.5201016576975,599.244184056588,624.2333333333332
621.5,259.3,88.5,75.0,521.1,617.1821428571428,8.934561397329755,635.0512656518023,599.3130200624834,623.8333333333334
613.95,251.95,86.8,73.4,516.35,616.4964285714286,8.775215629298042,634.0468598300247,598.9459973128326,615.8166666666667
628.85,253.25,86.2,73.85,523.2,617.6178571428572,9.302038799327484,636.2219347415122,599.0137795442023,625.5166666666667
632.15,255.05,83.4,74.55,517.1,619.2071428571429,9.770911640462879,638.7489661380687,599.6653195762171,633.0
637.75,255.8,81.9,76.15,517.35,621.7892857142858,9.53374933452976,640.8567843833454,602.7217870452263,634.0166666666667
634.8,257.05,79.8,76.35,515.1,623.9607142857143,8.693414363570007,641.3475430128543,606.5738855585743,638.1333333333333
643.65,261.9,79.85,75.1,529.25,626.7321428571429,8.308466653474126,643.3490761640911,610.1152095501947,640.8333333333334
643.1,253.6,76.75,71.9,535.25,628.6071428571429,8.851028995870433,646.3092008488837,610.905084865402,642.3666666666667
636.05,242.3,72.8,71.65,511.5,629.5249999999999,8.913230226856511,647.3514604537129,611.6985395462868,641.0166666666667
637.55,254.3,76.15,73.25,523.8,630.8285714285713,8.632913633427853,648.094398695427,613.5627441617156,640.0166666666667
620.1,255.85,78.15,72.25,514.95,630.7107142857142,8.776458427378271,648.2636311404707,613.1577974309577,626.9666666666667
624.55,261.0,77.15,72.2,525.95,630.3642857142856,8.926611653053016,648.2175090203916,612.5110624081797,620.1833333333333
623.15,257.05,76.1,72.05,525.4,630.1928571428571,9.04839248670352,648.2896421162641,612.09607216945,624.9666666666667
624.55,254.8,75.55,71.25,517.05,630.1214285714285,9.091706158865174,648.3048408891589,611.9380162536982,624.85
617.95,256.3,76.95,71.75,520.65,629.8678571428571,9.39510116093497,648.6580594647271,611.0776548209872,621.0666666666667
621.3,265.9,77.8,73.2,534.65,630.392857142857,8.609718505693385,647.6122941542437,613.1734201314703,621.7333333333332
610.15,262.85,77.85,73.05,534.15,629.0571428571427,10.175646967579842,649.4084367923024,608.705848921983,613.9166666666666
608.1,261.1,75.55,72.2,539.25,627.3392857142856,11.55052743669996,650.4403405876855,604.2382308408856,609.9499999999999
616.2,262.3,76.1,69.5,546.3,625.8,11.49220471584078,648.7844094316815,602.8155905683184,614.5666666666667
605.5,252.9,73.85,70.15,534.75,623.7071428571428,12.362129782010687,648.4314024211642,598.9828832931214,609.1
588.65,263.55,73.85,68.95,529.1,619.7785714285714,14.147311708287507,648.0731948451464,591.4839480119963,591.6999999999999
614.9,265.1,78.7,70.9,545.5,617.7642857142856,12.480791835263643,642.7258693848129,592.8027020437584,605.1333333333333
619.45,266.8,75.2,70.0,536.95,616.5785714285714,11.346987304088211,639.2725460367478,593.884596820395,615.15
618.6,274.55,75.3,68.2,535.9,615.2250000000001,9.657355705926264,634.5397114118526,595.9102885881476,617.5333333333333
615.55,278.65,75.55,67.85,552.95,614.9,9.556713306926513,634.013426613853,595.786573386147,616.5500000000001
610.15,281.25,78.95,68.05,573.75,613.8714285714286,9.206722340971973,632.2848732533726,595.4579838894847,613.5833333333334
615.15,282.4,79.3,67.8,585.2,613.3000000000001,8.826969163614441,630.9539383272289,595.6460616727712,615.3833333333333
612.65,294.95,79.25,67.8,570.5,612.45,8.211834799193522,628.8736695983871,596.026330401613,615.0
623.15,295.05,80.85,70.85,568.75,612.8214285714286,8.588693692330319,629.9988159560892,595.6440411867679,623.7166666666667
615.6,295.3,82.0,71.85,574.2,612.4142857142858,8.285609131580712,628.9855039774473,595.8430674511244,619.3166666666667
614.85,297.9,85.9,73.85,568.0,612.7500000000001,8.282024092994313,629.3140481859888,596.1859518140114,615.55
600.5,303.95,85.1,74.55,567.95,612.2071428571429,8.8405067976658,629.8881564524745,594.5261292618113,605.7833333333333
590.9,313.55,87.4,73.05,569.45,610.4,10.40835463240275,631.2167092648054,589.5832907351945,594.6666666666666
602.35,316.0,85.15,71.95,573.05,610.1750000000001,10.555435165755842,631.2858703315118,589.0641296684884,603.5
625.7,310.3,88.15,72.35,574.65,612.8214285714287,9.315304080377864,631.4520367321844,594.1908204106729,619.2500000000001
622.35,304.6,90.05,71.85,577.9,613.3535714285716,9.649959431675436,632.6534902919225,594.0536525652208,626.1333333333333
612.45,298.3,82.85,70.3,575.75,612.8535714285716,9.489801495162947,631.8331744188976,593.8739684382457,616.2333333333333
610.5,291.4,80.45,69.45,592.0,612.2750000000002,9.35851627786644,630.9920325557331,593.5579674442673,613.0166666666667
616.0,303.3,83.4,69.9,593.15,612.307142857143,9.371393811917,631.0499304809771,593.564355233309,617.2166666666667
611.35,299.6,83.25,69.35,621.05,612.3928571428575,9.355620629474652,631.1040984018067,593.6816158839082,613.6999999999999
622.25,290.15,80.4,68.75,620.85,612.9000000000003,9.702576977278492,632.3051539545573,593.4948460454433,618.1333333333333
658.2,285.05,79.9,68.75,613.75,616.1535714285718,15.510907629617346,647.1753866878065,585.1317561693371,649.6333333333333
648.35,276.95,81.55,67.15,607.85,617.9535714285719,17.6938653459084,653.3413021203887,582.565840736755,652.0166666666667
670.35,276.0,83.45,68.65,616.3,621.8642857142861,22.524656819476405,666.9135993532389,576.8149720753333,664.4833333333332
671.95,283.95,84.2,70.05,620.7,625.9428571428576,26.050504624840055,678.0438663925378,573.8418478931775,675.0666666666667
665.85,285.3,83.65,72.25,612.6,630.6107142857147,26.97915276775679,684.5690198212283,576.6524087502012,668.8833333333333
659.4,278.9,84.5,72.05,608.5,635.503571428572,25.387901905963798,686.2793752404996,584.7277676166443,659.5166666666667
658.0,278.9,85.8,71.75,612.5,639.4785714285719,24.1227845876832,687.7241406039383,591.2330022532054,658.9
656.65,285.65,85.25,75.6,623.55,641.689285714286,24.181049307348633,690.0513843289833,593.3271870995887,658.2333333333333
666.8,282.0,82.9,74.85,629.55,644.864285714286,24.363926901588886,693.5921395174638,596.1364319111082,664.7666666666667
666.45,288.1,84.15,76.9,627.35,648.7214285714289,23.078100794124534,694.8776301596779,602.5652269831799,667.1666666666666
665.35,290.5,85.1,76.1,623.7,652.6392857142861,20.614634258323225,693.8685542309325,611.4100171976396,665.65
667.65,290.4,88.15,76.7,614.8,656.3285714285718,18.010367893199476,692.3493072149707,620.3078356421728,668.85
679.25,290.3,86.35,78.2,601.7,661.1785714285717,13.55858675250913,688.29574493359,634.0613979235534,677.0166666666667
651.75,282.5,83.15,73.35,600.7,663.2857142857146,8.325873217579485,679.9374607208736,646.6339678505556,660.25
646.5,272.4,83.1,74.9,588.5,662.4500000000002,9.394269939295446,681.238539878591,643.6614601214093,646.1333333333333
648.6,273.95,83.25,75.05,596.25,662.4678571428574,9.365600049423243,681.1990572417038,643.7366570440109,647.5333333333333
647.75,276.05,84.4,75.2,599.35,660.8535714285716,9.83827815387473,680.5301277363211,641.1770151208221,649.5166666666667
632.3,270.9,82.7,73.8,583.3,658.0214285714286,11.891087714461083,681.8036040003508,634.2392531425064,637.3833333333333
611.7,264.85,81.7,74.45,575.6,654.1535714285716,16.90042630647811,687.9544240415278,620.3527188156154,618.5500000000001
610.15,269.7,81.15,74.0,586.0,650.6357142857144,20.472593580494962,691.5809014467043,609.6905271247244,611.7333333333332
614.2,272.1,82.8,76.2,617.25,647.507142857143,22.506322676963343,692.5197882110697,602.4944975032163,617.2333333333333
610.2,270.85,83.0,77.9,598.65,644.1892857142859,24.399031968277832,692.9873496508416,595.3912217777303,611.5166666666668
610.55,261.05,79.3,74.6,578.65,640.1714285714288,25.01294829518528,690.1973251617993,590.1455319810583,612.7666666666668
610.55,256.35,79.25,75.55,567.85,636.1785714285716,24.957014693620913,686.0926008158134,586.2645420413297,612.1666666666666
350.55,250.1,72.85,72.9,562.85,613.6928571428572,79.30044586435645,772.2937488715701,455.0919654141443,413.4833333333333
393.9,257.3,69.2,69.1,568.0,594.1392857142857,96.79320776108891,787.7257012364636,400.5528701921079,401.2333333333333
299.45,264.75,66.95,70.3,577.25,567.0107142857144,121.24055423726102,809.4918227602363,324.5296058111923,317.31666666666666
305.45,267.75,67.05,70.25,571.55,542.2750000000002,136.93283551547333,816.1406710309468,268.40932896905355,300.81666666666666
290.2,257.15,62.5,68.6,536.15,516.8250000000002,148.67852225782045,814.1820445156411,219.46795548435927,294.9666666666667
274.95,242.95,59.7,65.85,532.2,490.1357142857144,156.53344497456243,803.2026042348393,177.06882433658956,276.45
318.5,247.6,63.2,67.95,536.4,466.61785714285725,155.76329503342654,778.1444472097103,155.09126707600416,302.5
317.65,241.2,64.65,67.5,529.7,444.1428571428572,152.68815486920582,749.5191668812688,138.7665474044456,318.4666666666667
297.3,235.35,64.8,66.85,515.5,421.68571428571437,149.22998439240746,720.1456830705292,123.22574550089945,300.7333333333333
275.15,221.7,63.85,62.85,506.45,397.7571428571429,143.4311693101268,684.6194814773964,110.89480423688934,281.98333333333335
223.1,220.95,62.85,61.5,479.15,369.8214285714287,135.92261756982492,641.6666637110786,97.97619343177888,234.5
245.05,224.1,62.65,60.95,484.65,343.73928571428587,120.39569724385944,584.5306802020048,102.94789122656698,231.9666666666667
284.5,235.6,66.3,65.0,515.55,320.45000000000016,93.30037307205424,507.05074614410864,133.84925385589167,275.73333333333335
289.65,229.75,64.3,62.25,498.3,297.5285714285715,41.69451040367391,380.91759223591936,214.1395506212237,277.18333333333334
292.25,241.7,66.5,68.85,510.4,293.3642857142858,38.80268839105737,370.9696624964006,215.75890893217107,298.0833333333333
281.6,241.15,67.55,71.25,500.15,285.34285714285727,25.874838216829914,337.0925335765171,233.59318070919744,282.3333333333333
268.8,247.1,69.95,73.8,508.65,283.1535714285715,25.886062958556938,334.9256973456854,231.38144551145766,275.01666666666665
235.9,242.25,66.5,72.55,500.65,278.18571428571437,27.87527460072456,333.9362634871635,222.43516508426524,248.13333333333335
210.55,247.6,66.0,70.15,507.15,272.4964285714287,32.90837784542784,338.3131842622844,206.67967288057298,219.76666666666665
188.4,242.5,65.7,69.6,500.85,266.31428571428586,39.81652357313996,345.9473328605658,186.68123856800594,196.73333333333335
192.9,238.5,64.75,69.45,509.85,257.34285714285727,41.276850734924814,339.8965586127069,174.78915567300766,192.85
190.3,249.85,65.8,69.25,524.75,248.2464285714287,40.99576180855271,330.2379521885341,166.2549049543233,193.4333333333333
183.85,254.1,65.65,69.0,526.7,240.14285714285728,41.75918073698316,323.6612186168236,156.62449566889097,182.65
184.1,250.45,66.15,68.9,506.95,233.63928571428582,42.960564110369475,319.56041393502477,147.71815749354687,185.4666666666667
185.2,250.8,70.9,77.6,522.1,230.93214285714296,44.82926416777351,320.59067119268997,141.27361452159596,184.96666666666667
207.1,252.9,72.55,77.75,519.5,228.22142857142867,45.05671944375014,318.33486745892895,138.1079896839284,203.96666666666667
225.1,267.3,73.65,76.55,540.25,223.9785714285715,42.045619520694,308.0698104699595,139.8873323871835,221.4333333333333
231.55,279.25,74.3,76.35,532.6,219.8285714285715,37.70872024369727,295.24601191596605,144.41113094117696,233.4666666666667
231.4,281.85,69.05,76.0,548.5,215.48214285714295,31.756129675668316,278.9944022084796,151.9698835058063,232.63333333333333
220.35,284.0,70.4,75.3,540.2,211.10714285714295,25.56143321748032,262.2300092921036,159.9842764221823,220.15
228.0,272.6,70.6,75.65,523.35,208.19285714285724,20.252310952109536,248.6974790470763,167.68823523863816,228.6833333333333
230.5,274.75,70.95,75.95,513.9,207.80714285714294,19.728677459108887,247.26449777536072,168.34978793892515,231.71666666666667
232.65,275.0,71.65,75.9,538.9,209.38571428571436,20.819050341999144,251.02381496971265,167.74761360171607,231.1833333333333
241.55,275.4,70.5,74.55,535.45,213.18214285714294,21.53170834572941,256.24555954860176,170.1187261656841,241.1
237.2,272.0,70.0,76.05,543.8,216.34642857142862,21.576879223669206,259.500187018767,173.1926701240902,237.38333333333335
238.9,270.35,70.75,77.95,542.35,219.8178571428572,20.96487545269695,261.7476080482511,177.88810623746332,240.11666666666667
244.35,271.85,71.15,76.7,553.0,224.13928571428576,19.13621394283044,262.41171359994667,185.8668578286249,239.8166666666667
225.35,267.9,73.2,76.8,552.55,227.08571428571435,15.285267272908278,257.6562488315309,196.5151797398978,231.5666666666667
231.4,266.75,73.3,77.35,561.65,230.38571428571436,9.401522556132772,249.1887593979799,211.5826691734488,230.70000000000002
225.3,266.25,71.3,78.3,547.0,231.68571428571437,6.844605640464155,245.37492556664267,217.99650300478606,228.91666666666666
234.85,265.75,72.7,78.15,560.3,232.38214285714295,6.615151813551302,245.61244648424557,219.15183923004034,232.63333333333335
232.75,265.3,71.7,74.9,549.35,232.4678571428572,6.611313355571787,245.69048385400077,219.24523043171365,235.20000000000002
222.4,266.7,71.25,75.55,559.3,231.82500000000007,7.139590324370674,246.10418064874142,217.54581935125873,225.29999999999998
222.0,268.2,72.45,75.65,545.35,231.94285714285724,6.946605622185345,245.83606838722793,218.04964589848655,222.36666666666667
208.95,267.5,69.6,74.4,536.45,230.58214285714294,9.259186854612993,249.10051656636892,212.06376914791696,210.4666666666667
199.95,260.6,69.65,75.2,552.75,228.40000000000006,12.360545170943027,253.12109034188612,203.678909658114,202.71666666666667
212.75,263.15,69.9,76.1,553.95,226.97857142857148,12.963717330797236,252.90600609016596,201.051136766977,212.20000000000002
217.7,261.95,71.45,82.55,556.7,225.27500000000003,12.45882063191803,250.1926412638361,200.35735873616397,216.7166666666667
224.2,258.8,69.55,81.5,552.85,224.3464285714286,11.97679590331799,248.30002037806457,200.3928367647926,222.69999999999996
210.9,259.1,68.95,80.45,551.65,222.3464285714286,11.694072533443004,245.7345736383146,198.95828350454258,213.4
205.65,252.55,66.1,79.4,537.2,219.58214285714288,10.617123454090704,240.8163897653243,198.34789594896148,205.98333333333335
202.6,248.3,66.0,79.45,543.75,217.95714285714288,11.380007049180701,240.7171569555043,195.19712875878147,204.23333333333335
198.2,248.95,64.85,77.65,534.65,215.58571428571432,11.814144530555405,239.21400334682514,191.9574252246035,197.4
206.45,248.5,68.7,79.15,552.75,214.2392857142857,11.695416238375259,237.63011819103622,190.84845323753518,203.29999999999998
213.85,250.5,70.8,79.1,569.05,212.7392857142857,10.084359149216663,232.90800401271903,192.57056741585237,212.85
218.45,254.55,71.35,78.7,568.7,211.71785714285713,8.501597296581778,228.72105173602068,194.71466254969357,221.21666666666667
216.65,253.3,72.65,79.3,578.75,211.30714285714285,8.073981410928297,227.45510567899944,195.15918003528625,217.65
218.0,262.25,72.85,77.9,567.65,211.02142857142854,7.7299297012749735,226.48128797397848,195.5615691688786,217.28333333333333
214.05,259.9,74.25,78.65,561.35,211.3857142857143,7.744959367500613,226.87563302071553,195.89579555071307,215.4
227.4,264.0,76.95,79.5,573.2,213.3464285714286,8.093954635911425,229.53433784325145,197.15851929960573,224.54999999999998
238.15,263.7,76.1,80.25,576.85,215.1607142857143,10.452956493279322,236.06662727227294,194.25480129915567,234.4333333333333
240.65,260.4,76.35,76.45,569.95,216.80000000000004,12.484051364095706,241.76810272819145,191.83189727180863,239.5666666666667
234.6,264.35,76.7,76.8,555.2,217.5428571428572,13.244517837471255,244.0318928177997,191.0538214679147,237.23333333333335
237.95,262.5,77.75,75.95,549.6,219.47500000000005,14.143451189094673,247.7619023781894,191.1880976218107,234.6
239.65,265.05,77.95,77.0,551.15,221.90357142857147,14.501491492062058,250.90655441269558,192.90058844444735,240.16666666666666
240.35,265.1,78.45,77.1,551.3,224.60000000000005,14.14122451448509,252.88244902897023,196.31755097102987,240.45000000000002
249.4,267.25,78.1,76.8,553.5,228.25714285714292,13.389143954115227,255.03543076537338,201.47885494891247,248.6833333333333
246.35,271.65,79.8,76.7,555.45,231.10714285714292,12.614351673063231,256.3358462032694,205.87843951101647,247.26666666666665
241.7,275.35,77.85,74.85,537.85,233.09642857142862,11.856780992088492,256.8099905556056,209.38286658725164,243.78333333333333
235.65,274.3,77.85,74.2,536.35,234.32500000000007,11.088641971363156,256.50228394272636,212.14771605727375,237.98333333333335
238.05,278.05,81.3,75.05,536.15,235.8535714285715,9.87308821387548,255.59974785632247,216.10739500082056,235.9
228.8,273.55,80.55,74.7,541.75,236.62500000000009,8.726104734989145,254.07720946997838,219.17279053002179,232.83333333333334
231.1,270.55,81.7,74.95,539.6,237.8428571428572,6.139495630200655,250.12184840325853,225.5638658824559,230.1
227.15,266.2,80.7,74.35,535.15,237.82500000000007,6.1724808003440215,250.1699616006881,225.48003839931204,227.9333333333333
224.1,266.5,81.25,74.9,539.35,236.82142857142864,7.17615480616493,251.1737381837585,222.46911895909878,225.58333333333334
222.45,270.75,80.65,75.0,542.2,235.52142857142863,8.02727835583417,251.57598528309697,219.4668718597603,223.28333333333333
220.9,271.65,82.5,74.3,540.7,234.5428571428572,8.932284942026866,252.40742702691094,216.67828725880346,221.21666666666667
223.75,272.35,81.95,75.05,531.05,233.5285714285715,9.313714335597806,252.1560000997671,214.90114275737588,223.48333333333335
223.1,274.7,84.25,76.5,533.3,232.34642857142862,9.524895805715428,251.39622018285948,213.29663695999776,223.20000000000002
219.8,277.2,84.55,76.0,534.65,230.87857142857152,9.776732864017019,250.43203715660556,211.32510570053748,221.38333333333333
216.05,280.45,82.85,76.0,535.15,228.49642857142865,8.944260391775742,246.38494935498014,210.60790778787717,217.85000000000002
211.8,287.05,80.25,75.95,536.55,226.02857142857152,8.38842412736166,242.80541968329484,209.2517231738482,213.35
205.3,282.8,78.6,76.35,540.15,223.42857142857156,8.788950980663312,241.0064733898982,205.85066946724493,207.5666666666667
209.6,285.65,77.75,75.2,532.75,221.56785714285726,8.759996644327785,239.08785043151283,204.0478638542017,209.63333333333335
207.65,282.9,78.1,74.55,538.7,219.3964285714287,8.103286709375865,235.60300199018042,203.18985515267696,207.11666666666667
209.1,272.6,76.6,73.95,532.45,217.9892857142858,8.055055234758264,234.09939618380236,201.87917524476927,210.80000000000004
184.9,272.65,76.1,70.95,534.1,214.68928571428583,11.1425756339404,236.97443698216662,192.40413444640504,191.4
169.7,271.45,77.3,71.05,541.35,210.58571428571437,15.804228116977603,242.19417051966957,178.97725805175918,171.66666666666666
161.45,278.6,77.25,68.15,541.6,206.11071428571435,19.996886090002636,246.10448646571962,166.1169421057091,161.53333333333333
135.9,283.55,77.5,71.3,541.1,199.92857142857153,26.783876566992312,253.49632456255614,146.36081829458692,140.96666666666667
111.2,286.9,73.9,71.5,553.65,192.0928571428572,34.97171305906458,262.03628326098635,122.14943102472806,115.93333333333334
115.5,294.7,73.15,70.55,544.0,184.36071428571435,39.15114291764767,262.6630001210097,106.05842845041902,113.0
122.3,305.55,73.4,69.9,533.55,177.1607142857144,40.716275230933746,258.5932647475819,95.7281638238469,119.66666666666667
119.35,299.7,75.2,70.4,528.65,169.98571428571435,41.46809444793292,252.9219031815802,87.04952538984851,119.11666666666667
115.7,301.15,75.65,69.6,538.1,162.8178571428572,41.56603924036658,245.94993562359036,79.68577866212405,117.66666666666667
109.15,286.45,71.2,68.75,531.6,155.48571428571432,41.31390820279334,238.113530691301,72.85789788012764,110.05
104.85,273.85,70.85,65.55,524.45,148.3107142857143,40.715420337957035,229.74155496162837,66.87987360980024,105.86666666666667
106.45,269.3,71.35,66.3,522.3,140.94285714285715,38.01481420316188,216.97248554918093,64.91322873653338,106.23333333333333
111.2,273.55,69.45,65.25,507.5,134.05357142857142,33.46290980200915,200.97939103258972,67.12775182455312,110.05
127.95,282.1,72.25,67.55,514.95,128.25714285714287,25.558182922217497,179.37350870157786,77.14077701270787,121.08333333333333
123.2,282.55,70.05,69.2,522.0,123.85000000000001,19.684257669513837,163.21851533902768,84.48148466097234,124.55
128.85,285.0,69.0,65.35,522.2,120.93214285714285,14.782247762127124,150.4966383813971,91.3676473328886,129.75
126.75,282.1,69.95,65.9,524.1,118.45357142857142,9.392457372504722,137.23848617358087,99.66865668356198,127.48333333333333
130.35,284.7,71.1,66.9,529.8,118.05714285714284,8.690331876958485,135.4378066110598,100.67647910322586,129.46666666666667
137.15,283.75,73.15,67.45,533.1,119.91071428571426,9.810515915449384,139.53174611661302,100.28968245481549,136.78333333333333
139.2,286.55,73.2,67.1,531.25,121.60357142857141,10.967442452817227,143.53845633420588,99.66868652293695,139.75
136.75,287.35,73.5,66.55,530.1,122.63571428571427,11.693907496097548,146.02352927790938,99.24789929351917,138.41666666666666
130.6,288.25,71.85,66.15,537.45,123.4392857142857,11.836419978688745,147.1121256716632,99.76644575690821,130.3166666666667
128.2,289.8,71.5,65.5,542.95,124.33214285714284,11.678112451906552,147.68836776095594,100.97591795332974,130.65
127.4,292.8,72.3,65.45,566.55,125.63571428571427,10.841665153311004,147.31904459233627,103.95238397909226,128.15
128.8,292.1,76.65,67.05,574.95,127.34642857142856,9.051295365969066,145.4490193033667,109.24383783949042,129.5666666666667
133.9,299.6,82.65,69.15,597.3,129.30714285714285,6.892048292789707,143.09123944272227,115.52304627156343,132.85
148.75,290.4,82.4,71.3,598.3,131.9892857142857,6.6038793543862715,145.19704442305823,118.78152700551315,152.76666666666668
141.6,289.3,85.45,70.55,593.75,132.9642857142857,6.959703479839466,146.88369267396462,119.04487875460676,143.9333333333333
139.85,293.8,83.8,70.0,593.7,134.1535714285714,6.574761308485179,147.30309404554177,121.00404881160105,140.98333333333332
132.8,298.35,85.85,71.7,625.1,134.43571428571425,6.41241070026153,147.26053568623732,121.61089288519119,134.28333333333333
128.85,297.45,85.4,73.35,622.35,134.58571428571426,6.2410683433008245,147.0678509723159,122.10357759911261,130.95000000000002
127.9,291.45,84.85,73.8,618.8,134.41071428571428,6.401267259479961,147.2132488046742,121.60817976675436,128.63333333333335
131.9,291.15,84.45,73.05,602.5,134.03571428571428,6.382199662129819,146.80011360997392,121.27131496145464,132.96666666666667
132.2,290.85,86.05,73.8,600.0,133.53571428571428,6.218595827496057,145.9729059407064,121.09852263072216,131.3
135.9,289.3,86.65,73.05,604.25,133.475,6.188878051656763,145.8527561033135,121.09724389668646,136.73333333333335
136.2,300.75,90.5,73.0,612.35,133.875,6.169707323800366,146.21441464760073,121.53558535239927,136.1
137.6,305.1,93.55,72.05,614.1,134.54642857142855,6.014132851530764,146.57469427449007,122.51816286836703,138.0
133.75,304.65,91.55,72.55,614.9,134.99999999999997,5.662902218675446,146.32580443735085,123.67419556264907,134.70000000000002
130.25,304.6,90.3,71.9,602.95,135.10357142857143,5.552977866571321,146.20952716171408,123.99761569542879,129.65
135.3,308.5,92.5,71.3,612.9,135.2035714285714,5.542231718125853,146.2880348648231,124.11910799231968,133.76666666666668
136.55,305.65,93.4,71.4,623.8,134.33214285714283,3.99025771012652,142.31265827739585,126.35162743688979,137.23333333333335
149.5,308.35,95.35,71.55,626.3,134.89642857142854,5.40492881491729,145.7062862012631,124.08657094159396,147.26666666666668
150.25,305.45,95.5,73.8,629.45,135.6392857142857,6.6981104847376205,149.03550668376096,122.24306474481047,151.15
149.1,307.25,97.5,74.4,624.15,136.80357142857142,7.531433214438976,151.86643785744937,121.74070499969346,149.63333333333335
145.0,299.85,98.3,74.05,622.1,137.95714285714286,7.455943863852358,152.86903058484756,123.04525512943815,145.96666666666667
148.0,302.45,94.45,71.45,616.7,139.39285714285714,7.304052014053227,154.0009611709636,124.78475311475069,148.63333333333333
148.9,303.6,93.65,70.75,605.1,140.60714285714286,7.375318953791029,155.3577807647249,125.8565049495608,148.71666666666667
163.5,306.45,93.1,71.95,609.4,142.84285714285713,9.159124436286506,161.16110601543014,124.52460827028412,159.5
161.2,314.7,93.1,71.9,612.15,144.65,10.128501293940738,164.9070025878815,124.39299741211853,162.78333333333333
167.4,310.6,94.35,72.6,609.25,146.87857142857143,11.469872145442093,169.81831571945563,123.93882713768724,163.41666666666666
167.65,311.1,93.35,70.9,610.2,149.02500000000003,12.375887691542307,173.77677538308464,124.27322461691543,168.41666666666666
172.65,307.35,92.7,72.7,617.05,151.80357142857147,13.03203839485972,177.86764821829092,125.73949463885204,170.11666666666667
167.05,312.7,93.35,73.25,620.45,154.4321428571429,12.02244067026964,178.4770241976822,130.38726151660362,168.8166666666667
167.2,321.8,93.85,71.35,621.75,156.71071428571432,11.105441815250414,178.92159791621515,134.4998306552135,167.78333333333333
171.0,322.55,92.8,71.45,623.85,159.17142857142858,10.062338661587795,179.29610589460418,139.04675124825297,171.21666666666667
157.1,327.2,90.05,70.55,614.85,159.71428571428572,9.698878376290063,179.11204246686586,140.3165289617056,161.88333333333333
140.05,314.15,86.65,69.2,611.9,158.9857142857143,10.786626844437686,180.55896797458968,137.4124605968389,143.9
140.15,313.1,87.2,68.25,622.25,158.3464285714286,11.648381602431678,181.64319177629196,135.04966536656522,141.68333333333337
144.75,308.45,88.35,67.8,616.9,158.32857142857145,11.670586207102335,181.6697438427761,134.9873990143668,144.01666666666668
144.6,309.5,86.75,67.7,615.65,158.08571428571432,11.934443182057507,181.95460064982933,134.2168279215993,146.21666666666667
143.25,310.05,88.15,67.9,609.0,157.68214285714288,12.357006843556125,182.39615654425512,132.96812917003064,144.25
135.15,312.8,84.9,67.8,602.7,155.65714285714287,13.59152531687981,182.8401934909025,128.47409222338325,135.83333333333334
133.9,309.2,86.1,66.6,600.9,153.70714285714288,14.652117950637184,183.01137875841727,124.40290695586852,135.58333333333334
141.3,308.5,87.15,66.95,603.5,151.84285714285718,14.434691879986676,180.71224090283053,122.97347338288384,138.43333333333334
132.95,306.9,86.25,65.85,606.05,149.36428571428573,14.490718894028584,178.3457235023429,120.38284792622856,134.89999999999998
116.6,308.95,83.95,64.35,601.45,145.3607142857143,15.28354039948464,175.92779508468357,114.79363348674502,122.31666666666666
116.3,311.15,83.95,64.5,576.65,141.73571428571432,15.754748106901271,173.24521049951687,110.22621807191177,115.63333333333333
116.0,315.75,84.25,64.4,574.1,138.07857142857145,15.32571637534125,168.73000417925394,107.42713867788895,117.06666666666666
116.4,311.5,86.25,63.8,580.05,134.17857142857142,13.087306155867305,160.35318374030604,108.00395911683681,116.96666666666665
110.95,296.2,79.8,62.6,572.2,130.88214285714287,12.675394200248258,156.2329312576394,105.53135445664635,112.35000000000001
