Date,Close Price,Open Price,High Price,Low Price,Total Traded Quantity,Year,Month,Avg Price(CP+HP+LP),VWAP,Profit/Loss Percentage,Day_Perc_Change,trend
2019-10-24,1780.78,"1,770.78",1787.97,1760.78,5200000.0,2019,10,1776.51,1776.51,0.010560842597479187,0.0,Slight or no change
2019-10-23,1762.17,"1,761.30",1770.05,1742.0,2190000.0,2019,10,1758.0733333333335,1758.0733333333335,-0.0020161632865726615,-0.01045047675737587,Slight or no change
2019-10-22,1765.73,"1,788.15",1789.78,1762.0,2230000.0,2019,10,1772.5033333333333,1772.5033333333333,-0.011161139298634713,0.002020236413058818,Slight or no change
2019-10-21,1785.66,"1,769.66",1785.88,1765.0,2220000.0,2019,10,1778.8466666666666,1778.8466666666666,0.0160169785662671,0.011287116376796025,Slight or no change
2019-10-18,1757.51,"1,787.80",1793.98,1749.2,3370000.0,2019,10,1766.8966666666665,1766.8966666666665,-0.01676662116499207,-0.015764479240168994,Slight or no change
2019-10-17,1787.48,"1,796.49",1798.85,1782.02,2710000.0,2019,10,1789.45,1789.45,0.005654231108960664,0.01705253455172384,Slight or no change
2019-10-16,1777.43,"1,773.33",1786.24,1770.52,2800000.0,2019,10,1778.0633333333335,1778.0633333333335,0.005686383233939478,-0.0056224405308030745,Slight or no change
2019-10-15,1767.38,"1,742.14",1776.45,1740.62,3130000.0,2019,10,1761.4833333333333,1761.4833333333331,0.01782392610125375,-0.005654231108960683,Slight or no change
2019-10-14,1736.43,"1,728.91",1741.89,1722.0,1930000.0,2019,10,1733.4399999999998,1733.4399999999998,0.002604046376276035,-0.017511797123425654,Slight or no change
2019-10-11,1731.92,"1,742.92",1745.45,1729.86,3280000.0,2019,10,1735.743333333333,1735.7433333333333,0.006778045179217143,-0.0025972829310711987,Slight or no change
2019-10-10,1720.26,"1,725.24",1738.29,1713.75,2720000.0,2019,10,1724.1000000000001,1724.1,-0.001004651594957008,-0.006732412582567404,Slight or no change
2019-10-09,1721.99,"1,719.61",1729.95,1714.36,2089999.9999999998,2019,10,1722.1000000000001,1722.1000000000001,0.009662798810912875,0.001005661934823765,Slight or no change
2019-10-08,1705.51,"1,722.49",1727.0,1705.0,2630000.0,2019,10,1712.5033333333333,1712.5033333333336,-0.01566954855540042,-0.00957032270802971,Slight or no change
2019-10-07,1732.66,"1,731.63",1747.83,1723.7,2190000.0,2019,10,1734.7299999999998,1734.7299999999998,-0.0040180496076797105,0.015918991973075558,Slight or no change
2019-10-04,1739.65,"1,726.02",1740.58,1719.23,2490000.0,2019,10,1733.1533333333334,1733.1533333333334,0.008831955092146935,0.0040342594623294925,Slight or no change
2019-10-03,1724.42,"1,713.00",1725.0,1685.06,3620000.0,2019,10,1711.493333333333,1711.493333333333,0.006531522329167744,-0.008754634552927354,Slight or no change
2019-10-02,1713.23,"1,727.74",1728.89,1705.0,3340000.0,2019,10,1715.7066666666667,1715.7066666666667,-0.012917350848385372,-0.006489138376961523,Slight or no change
2019-10-01,1735.65,"1,746.00",1755.6,1728.41,3170000.0,2019,10,1739.8866666666665,1739.8866666666665,-0.00014977735020824288,0.013086392369967781,Slight or no change
2019-09-30,1735.91,"1,726.99",1737.46,1709.22,2760000.0,2019,9,1727.53,1727.53,0.006062186675939631,0.00014979978682339024,Slight or no change
2019-09-27,1725.45,"1,748.00",1749.12,1713.82,3950000.0,2019,9,1729.4633333333331,1729.4633333333331,-0.008270875482802944,-0.006025658012224211,Slight or no change
2019-09-26,1739.84,"1,762.79",1763.37,1731.5,3570000.0,2019,9,1744.9033333333334,1744.9033333333334,-0.01611124620404563,0.00833985337158416,Slight or no change
2019-09-25,1768.33,"1,747.36",1773.0,1723.0,3530000.0,2019,9,1754.7766666666666,1754.7766666666666,0.015342125963906977,0.016375068971859585,Slight or no change
2019-09-24,1741.61,"1,790.61",1795.7,1735.55,4640000.0,2019,9,1757.62,1757.62,-0.02447207752198513,-0.01511030181018247,Slight or no change
2019-09-23,1785.3,"1,777.00",1792.7,1767.32,3140000.0,2019,9,1781.7733333333333,1781.7733333333335,-0.004938244080795541,0.02508598365879844,Slight or no change
2019-09-20,1794.16,"1,821.71",1830.63,1780.92,5560000.0,2019,9,1801.9033333333334,1801.9033333333334,-0.015009607466373823,0.004962751358315254,Slight or no change
2019-09-19,1821.5,"1,821.02",1832.57,1817.9,2080000.0,2019,9,1823.9899999999998,1823.9899999999998,0.0022228824843462656,0.015238328800107004,Slight or no change
2019-09-18,1817.46,"1,817.04",1822.06,1795.5,2540000.0,2019,9,1811.6733333333334,1811.6733333333334,-0.002792790321253144,-0.0022179522371671423,Slight or no change
2019-09-17,1822.55,"1,807.08",1823.99,1804.1,2029999.9999999998,2019,9,1816.8799999999999,1816.8799999999999,0.00813678201610764,0.0028006118429015903,Slight or no change
2019-09-16,1807.84,"1,824.02",1825.69,1800.2,3680000.0,2019,9,1811.243333333333,1811.243333333333,-0.01712570813443953,-0.008071109160242562,Slight or no change
2019-09-13,1839.34,"1,842.01",1846.12,1835.17,1970000.0,2019,9,1840.21,1840.21,-0.002283637547123776,0.01742410832817054,Slight or no change
2019-09-12,1843.55,"1,837.63",1853.66,1834.28,2820000.0,2019,9,1843.83,1843.83,0.011278174866565337,0.0022888644839997863,Slight or no change
2019-09-11,1822.99,"1,812.14",1833.42,1809.08,2430000.0,2019,9,1821.83,1821.83,0.0013402543187498585,-0.011152396192129266,Slight or no change
2019-09-10,1820.55,"1,822.75",1825.81,1805.34,2610000.0,2019,9,1817.2333333333333,1817.2333333333333,-0.0058972888852485625,-0.0013384604413628765,Slight or no change
2019-09-09,1831.35,"1,841.00",1850.0,1824.61,3000000.0,2019,9,1835.32,1835.32,-0.001178068295237049,0.005932273214138473,Slight or no change
2019-09-06,1833.51,"1,838.22",1840.65,1826.4,2500000.0,2019,9,1833.5199999999998,1833.5199999999995,-0.0039169455430483925,0.0011794577770498638,Slight or no change
2019-09-05,1840.72,"1,821.95",1842.0,1815.58,3330000.0,2019,9,1832.7666666666667,1832.7666666666667,0.02227010696315721,0.003932348337342129,Slight or no change
2019-09-04,1800.62,"1,805.00",1807.63,1796.23,2330000.0,2019,9,1801.493333333333,1801.493333333333,0.006022884727126432,-0.02178495371376421,Slight or no change
2019-09-03,1789.84,"1,770.00",1800.8,1768.0,3550000.0,2019,9,1786.2133333333331,1786.2133333333331,0.007628258899166214,-0.0059868267596716596,Slight or no change
2019-08-30,1776.29,"1,797.49",1799.74,1764.57,3060000.0,2019,8,1780.1999999999998,1780.1999999999996,-0.0056594267801165065,-0.00757050909578505,Slight or no change
2019-08-29,1786.4,"1,783.00",1798.55,1777.25,3020000.0,2019,8,1787.3999999999999,1787.4,0.012554910018421477,0.00569163818971008,Slight or no change
2019-08-28,1764.25,"1,755.00",1767.86,1744.05,2420000.0,2019,8,1758.72,1758.72,0.0013735717975060437,-0.012399238692342163,Slight or no change
2019-08-27,1761.83,"1,775.73",1779.4,1746.68,3030000.0,2019,8,1762.6366666666665,1762.6366666666668,-0.003979941996868037,-0.001371687685985612,Slight or no change
2019-08-26,1768.87,"1,766.91",1770.0,1743.51,3090000.0,2019,8,1760.7933333333333,1760.7933333333333,0.011002389090202444,0.003995845229108452,Slight or no change
2019-08-23,1749.62,"1,793.03",1804.9,1745.23,5280000.0,2019,8,1766.5833333333333,1766.5833333333333,-0.031003544528134704,-0.010882653897686057,Slight or no change
2019-08-22,1805.6,"1,828.00",1829.41,1800.1,2660000.0,2019,8,1811.7033333333336,1811.7033333333334,-0.009838007392215173,0.03199551902698872,Slight or no change
2019-08-21,1823.54,"1,819.39",1829.58,1815.0,2040000.0,2019,8,1822.7066666666667,1822.7066666666667,0.01230167982324654,0.009935755427558757,Slight or no change
2019-08-20,1801.38,"1,814.50",1816.82,1799.88,1930000.0,2019,8,1806.0266666666666,1806.0266666666666,-0.008116203775080821,-0.01215218750342728,Slight or no change
2019-08-19,1816.12,"1,818.08",1826.0,1812.61,2820000.0,2019,8,1818.243333333333,1818.2433333333329,0.013137562270929423,0.008182615550300198,Slight or no change
2019-08-16,1792.57,"1,792.89",1802.91,1784.55,3050000.0,2019,8,1793.3433333333332,1793.343333333333,0.009261761592685205,-0.012967204810254818,Slight or no change
2019-08-15,1776.12,"1,781.99",1788.0,1761.96,3810000.0,2019,8,1775.36,1775.36,0.0074647184280981155,-0.009176768550182124,Slight or no change
2019-08-14,1762.96,"1,793.01",1795.65,1757.21,4890000.0,2019,8,1771.9399999999998,1771.94,-0.0336450442351754,-0.0074094092741480155,Slight or no change
2019-08-13,1824.34,"1,783.00",1831.74,1780.0,4080000.0,2019,8,1812.0266666666666,1812.0266666666666,0.022085023418416425,0.03481644506965553,Slight or no change
2019-08-12,1784.92,"1,795.99",1800.98,1777.0,2910000.0,2019,8,1787.6333333333332,1787.6333333333334,-0.012536097987364242,-0.021607814332854525,Slight or no change
2019-08-09,1807.58,"1,828.95",1831.09,1802.22,2880000.0,2019,8,1813.63,1813.63,-0.013808793762855475,0.012695246845797037,Slight or no change
2019-08-08,1832.89,"1,806.00",1834.26,1798.11,3700000.0,2019,8,1821.7533333333333,1821.7533333333333,0.022019627523140406,0.01400214651633691,Slight or no change
2019-08-07,1793.4,"1,773.99",1798.93,1757.0,4530000.0,2019,8,1783.11,1783.11,0.003115508745238733,-0.021545210023514727,Slight or no change
2019-08-06,1787.83,"1,792.23",1793.77,1753.4,5070000.0,2019,8,1778.3333333333333,1778.3333333333333,0.012860242588364492,-0.003105832496933303,Slight or no change
2019-08-05,1765.13,"1,770.22",1788.67,1748.78,6060000.0,2019,8,1767.5266666666666,1767.5266666666666,-0.03187183256181298,-0.012696956645765978,Slight or no change
2019-08-02,1823.24,"1,845.07",1846.36,1808.02,4960000.0,2019,8,1825.8733333333332,1825.873333333333,-0.017290817756505577,0.03292108796519222,Slight or no change
2019-08-01,1855.32,"1,871.72",1897.92,1844.01,4710000.0,2019,8,1865.75,1865.75,-0.006138912994568206,0.017595050569316095,Slight or no change
2019-07-31,1866.78,"1,898.11",1899.55,1849.44,4470000.0,2019,7,1871.9233333333334,1871.9233333333334,-0.016723464996602634,0.00617683202897612,Slight or no change
2019-07-30,1898.53,"1,891.12",1909.89,1883.48,2910000.0,2019,7,1897.3,1897.3,-0.007278621663311497,0.017007895949174623,Slight or no change
2019-07-29,1912.45,"1,930.00",1932.23,1890.54,4490000.0,2019,7,1911.74,1911.74,-0.015748436736059242,0.007331988433156189,Slight or no change
2019-07-26,1943.05,"1,942.00",1950.89,1924.51,4930000.0,2019,7,1939.4833333333333,1939.4833333333336,-0.015589060805949875,0.016000418311589826,Slight or no change
2019-07-25,1973.82,"2,001.00",2001.2,1972.72,4139999.9999999995,2019,7,1982.58,1982.58,-0.013489536737621268,0.015835928051259662,Slight or no change
2019-07-24,2000.81,"1,969.30",2001.3,1965.87,2630000.0,2019,7,1989.3266666666666,1989.3266666666666,0.0031687298507387532,0.01367399256264501,Slight or no change
2019-07-23,1994.49,"1,995.99",1997.79,1973.13,2700000.0,2019,7,1988.47,1988.47,0.00446205990038421,-0.003158720718109187,Slight or no change
2019-07-22,1985.63,"1,971.14",1989.0,1958.26,2910000.0,2019,7,1977.63,1977.63,0.01074562743061925,-0.004442238366700213,Slight or no change
2019-07-19,1964.52,"1,991.21",1996.0,1962.23,3190000.0,2019,7,1974.25,1974.25,-0.00676475049294712,-0.010631386512089391,Slight or no change
2019-07-18,1977.9,"1,980.01",1987.5,1951.55,3500000.0,2019,7,1972.3166666666666,1972.3166666666666,-0.007093266667670608,0.006810824018080863,Slight or no change
2019-07-17,1992.03,"2,007.05",2012.0,1992.03,2560000.0,2019,7,1998.6866666666665,1998.6866666666665,-0.00889098960147277,0.007143940543000049,Slight or no change
2019-07-16,2009.9,"2,010.58",2026.32,2001.22,2620000.0,2019,7,2012.4800000000002,2012.4800000000005,-0.005487409635871488,0.008970748432503672,Slight or no change
2019-07-15,2020.99,"2,021.40",2022.9,2001.55,2980000.0,2019,7,2015.1466666666668,2015.1466666666668,0.004967677772252615,0.005517687447136543,Slight or no change
2019-07-12,2011.0,"2,008.27",2017.0,2003.87,2510000.0,2019,7,2010.6233333333332,2010.623333333333,0.0049623451453472715,-0.004943121935289119,Slight or no change
2019-07-11,2001.07,"2,025.62",2035.8,1995.3,4320000.0,2019,7,2010.7233333333334,2010.7233333333334,-0.00809949390555224,-0.004937841869716575,Slight or no change
2019-07-10,2017.41,"1,996.51",2024.94,1995.4,4930000.0,2019,7,2012.5833333333333,2012.583333333333,0.014640647789569044,0.008165631387207828,Slight or no change
2019-07-09,1988.3,"1,947.80",1990.01,1943.47,4350000.0,2019,7,1973.9266666666665,1973.9266666666665,0.018429355843304386,-0.014429392141409147,Slight or no change
2019-07-08,1952.32,"1,934.12",1956.0,1928.25,2880000.0,2019,7,1945.5233333333333,1945.5233333333333,0.004843250588035398,-0.018095860785595774,Slight or no change
2019-07-05,1942.91,"1,928.60",1945.9,1925.3,2630000.0,2019,7,1938.0366666666669,1938.0366666666669,0.002016503352243467,-0.0048199065726929335,Slight or no change
2019-07-03,1939.0,"1,935.89",1941.59,1930.5,1690000.0,2019,7,1937.03,1937.03,0.0024246372091340346,-0.0020124452496513845,Slight or no change
2019-07-02,1934.31,"1,919.38",1934.79,1906.63,2650000.0,2019,7,1925.243333333333,1925.243333333333,0.006305308008053258,-0.0024187725631769075,Slight or no change
2019-07-01,1922.19,"1,922.98",1929.82,1914.66,3200000.0,2019,7,1922.2233333333334,1922.2233333333334,0.015082143819014245,-0.006265800207825967,Slight or no change
2019-06-28,1893.63,"1,909.10",1912.94,1884.0,3040000.0,2019,6,1896.8566666666666,1896.8566666666666,-0.005592664944230819,-0.014858052533828547,Slight or no change
2019-06-27,1904.28,"1,902.00",1911.24,1898.04,2140000.0,2019,6,1904.5199999999998,1904.5199999999998,0.0033986184220926247,0.005624118756039964,Slight or no change
2019-06-26,1897.83,"1,892.48",1903.8,1887.32,2440000.0,2019,6,1896.3166666666666,1896.3166666666668,0.010413838266063956,-0.0033871069380553287,Slight or no change
2019-06-25,1878.27,"1,911.84",1916.38,1872.42,3010000.0,2019,6,1889.0233333333333,1889.0233333333333,-0.01861643764042014,-0.01030650795909005,Slight or no change
2019-06-24,1913.9,"1,912.66",1916.86,1901.3,2280000.0,2019,6,1910.6866666666667,1910.6866666666667,0.001360330664992485,0.018969583712671767,Slight or no change
2019-06-21,1911.3,"1,916.10",1925.95,1907.58,3930000.0,2019,6,1914.9433333333334,1914.9433333333334,-0.0035919278069430557,-0.001358482679345907,Slight or no change
2019-06-20,1918.19,"1,933.33",1935.2,1905.8,3220000.0,2019,6,1919.7300000000002,1919.7300000000002,0.004924585732322619,0.00360487626223005,Slight or no change
2019-06-19,1908.79,"1,907.84",1919.58,1892.47,2900000.0,2019,6,1906.9466666666667,1906.9466666666665,0.0039024492865670926,-0.0049004530312430905,Slight or no change
2019-06-18,1901.37,"1,901.35",1921.67,1899.79,3900000.0,2019,6,1907.61,1907.61,0.008133486741992395,-0.0038872793759398006,Slight or no change
2019-06-17,1886.03,"1,876.50",1895.69,1875.45,2630000.0,2019,6,1885.7233333333334,1885.7233333333334,0.00875020725582584,-0.008067866853900041,Slight or no change
2019-06-14,1869.67,"1,864.00",1876.0,1859.0,2850000.0,2019,6,1868.2233333333334,1868.2233333333334,-0.0003368443565202811,-0.008674305286766382,Slight or no change
2019-06-13,1870.3,"1,866.72",1883.09,1862.22,2800000.0,2019,6,1871.87,1871.87,0.008074078865101449,0.00033695785887344343,Slight or no change
2019-06-12,1855.32,"1,853.98",1865.0,1844.38,2680000.0,2019,6,1854.8999999999999,1854.9,-0.004496431829157111,-0.008009410255039318,Slight or no change
2019-06-11,1863.7,"1,883.25",1893.7,1858.0,4040000.0,2019,6,1871.8,1871.8,0.0016499787706314186,0.004516741047366546,Slight or no change
2019-06-10,1860.63,"1,822.00",1884.87,1818.0,5370000.0,2019,6,1854.5,1854.5,0.03137420109421691,-0.0016472608252400267,Slight or no change
2019-06-07,1804.03,"1,763.70",1806.25,1759.49,4810000.0,2019,6,1789.9233333333332,1789.9233333333332,0.028312319022321574,-0.03041980404486655,Slight or no change
2019-06-06,1754.36,"1,737.71",1760.0,1726.13,3690000.0,2019,6,1746.83,1746.83,0.009122807017543802,-0.027532801560949727,Slight or no change
2019-06-05,1738.5,"1,749.60",1752.0,1715.25,4240000.0,2019,6,1735.25,1735.25,0.005168944702698984,-0.009040333796940137,Slight or no change
2019-06-04,1729.56,"1,699.24",1730.82,1680.89,5680000.0,2019,6,1713.756666666667,1713.756666666667,0.021781897453166197,-0.0051423641069887616,Slight or no change
2019-06-03,1692.69,"1,760.01",1766.29,1672.0,9100000.0,2019,6,1710.3266666666666,1710.3266666666666,-0.046409437374300665,-0.0213175605356275,Slight or no change
2019-05-31,1775.07,"1,790.01",1795.59,1772.7,4620000.0,2019,5,1781.12,1781.12,-0.02271075581395349,0.048668096343689626,Slight or no change
2019-05-30,1816.32,"1,825.49",1829.47,1807.83,3150000.0,2019,5,1817.8733333333332,1817.8733333333332,-0.0015776252068228818,0.02323852017103545,Slight or no change
2019-05-29,1819.19,"1,823.12",1830.0,1807.53,4280000.0,2019,5,1818.9066666666668,1818.9066666666668,-0.009387779550541,0.001580118040873879,Slight or no change
2019-05-28,1836.43,"1,832.75",1849.27,1827.35,3200000.0,2019,5,1837.6833333333332,1837.6833333333332,0.00721227677592037,0.009476745144817222,Slight or no change
2019-05-24,1823.28,"1,835.89",1841.76,1817.85,3370000.0,2019,5,1827.6299999999999,1827.63,0.004296384427258881,-0.007160632313782722,Slight or no change
2019-05-23,1815.48,"1,836.59",1844.0,1804.2,4420000.0,2019,5,1821.2266666666667,1821.2266666666667,-0.023767529897616817,-0.004278004475450792,Slight or no change
2019-05-22,1859.68,"1,851.78",1871.48,1851.0,2940000.0,2019,5,1860.72,1860.72,0.0011628407769499558,0.024346178421133846,Slight or no change
2019-05-21,1857.52,"1,874.79",1879.0,1846.0,4010000.0,2019,5,1860.8400000000001,1860.8400000000001,-0.0007800018289698303,-0.0011614901488428142,Slight or no change
2019-05-20,1858.97,"1,852.69",1867.78,1835.54,3800000.0,2019,5,1854.0966666666666,1854.0966666666666,-0.005366506153022993,0.00078061070674873,Slight or no change
2019-05-17,1869.0,"1,893.05",1910.53,1867.33,4740000.0,2019,5,1882.2866666666666,1882.2866666666666,-0.020219441488385715,0.00539546092728771,Slight or no change
2019-05-16,1907.57,"1,885.94",1917.51,1882.29,4710000.0,2019,5,1902.4566666666667,1902.4566666666667,0.019463966010207542,0.02063670411985008,Slight or no change
2019-05-15,1871.15,"1,827.95",1874.43,1823.0,4690000.0,2019,5,1856.1933333333334,1856.1933333333334,0.01686303067191281,-0.019092353098444592,Slight or no change
2019-05-14,1840.12,"1,839.50",1852.44,1815.75,4630000.0,2019,5,1836.1033333333332,1836.1033333333332,0.00956832795663519,-0.016583384549608615,Slight or no change
2019-05-13,1822.68,"1,836.56",1846.54,1818.0,5780000.0,2019,5,1829.0733333333335,1829.0733333333335,-0.035608842421612906,-0.009477642762428462,Slight or no change
2019-05-10,1889.98,"1,898.00",1903.79,1856.0,5720000.0,2019,5,1883.256666666667,1883.256666666667,-0.0052056193318489544,0.036923650887703774,Slight or no change
2019-05-09,1899.87,"1,900.00",1909.4,1876.0,5310000.0,2019,5,1895.0900000000001,1895.09,-0.009333757437023256,0.005232859606979945,Slight or no change
2019-05-08,1917.77,"1,918.87",1935.37,1910.0,4080000.0,2019,5,1921.0466666666664,1921.0466666666664,-0.0016814159292035493,0.009421697274023977,Slight or no change
2019-05-07,1921.0,"1,939.99",1949.1,1903.38,5900000.0,2019,5,1924.493333333333,1924.493333333333,-0.015149573197303302,0.0016842478503678038,Slight or no change
2019-05-06,1950.55,"1,917.98",1959.0,1910.5,5420000.0,2019,5,1940.0166666666667,1940.0166666666669,-0.006068913506517372,0.015382613222280073,Slight or no change
2019-05-03,1962.46,"1,949.00",1964.4,1936.0,6380000.0,2019,5,1954.2866666666669,1954.2866666666669,0.0324281099735904,0.006105970110994452,Slight or no change
2019-05-02,1900.82,"1,913.33",1921.55,1881.87,3960000.0,2019,5,1901.4133333333332,1901.4133333333332,-0.005597639574788674,-0.031409557392252596,Slight or no change
2019-05-01,1911.52,"1,933.09",1943.64,1910.55,3120000.0,2019,5,1921.9033333333334,1921.9033333333334,-0.007786059838465212,0.005629149524941868,Slight or no change
2019-04-30,1926.52,"1,930.10",1935.71,1906.95,3510000.0,2019,4,1923.0600000000002,1923.0600000000002,-0.006144147583353581,0.007847158282414002,Slight or no change
2019-04-29,1938.43,"1,949.00",1956.34,1934.09,4019999.9999999995,2019,4,1942.9533333333331,1942.9533333333331,-0.006254389607460177,0.006182131511741407,Slight or no change
2019-04-26,1950.63,"1,929.00",1951.0,1898.0,8430000.0,2019,4,1933.21,1933.21,0.02543303982126435,0.006293753192016194,Slight or no change
2019-04-25,1902.25,"1,917.00",1922.45,1900.31,6100000.0,2019,4,1908.3366666666668,1908.3366666666668,0.0002629157355067701,-0.024802243377780586,Slight or no change
2019-04-24,1901.75,"1,925.00",1929.69,1898.16,3680000.0,2019,4,1909.8666666666668,1909.8666666666668,-0.011446274762575558,-0.0002628466289920084,Slight or no change
2019-04-23,1923.77,"1,891.20",1929.26,1889.58,4640000.0,2019,4,1914.2033333333331,1914.2033333333331,0.019318500935193498,0.011578808991718148,Slight or no change
2019-04-22,1887.31,"1,855.40",1888.42,1845.64,3370000.0,2019,4,1873.79,1873.79,0.013761689647578217,-0.01895236956600843,Slight or no change
2019-04-18,1861.69,"1,868.79",1870.82,1859.48,2750000.0,2019,4,1863.9966666666667,1863.9966666666664,-0.0016784461771108643,-0.013574876411400316,Slight or no change
2019-04-17,1864.82,"1,872.99",1876.47,1860.44,2890000.0,2019,4,1867.243333333333,1867.243333333333,0.0009554276880796831,0.001681268095117705,Slight or no change
2019-04-16,1863.04,"1,851.35",1869.77,1848.0,3040000.0,2019,4,1860.2699999999998,1860.2699999999998,0.009848932445104572,-0.0009545157173346253,Slight or no change
2019-04-15,1844.87,"1,842.00",1846.85,1818.9,3720000.0,2019,4,1836.8733333333332,1836.8733333333332,0.0009820624396383979,-0.009752877018206818,Slight or no change
2019-04-12,1843.06,"1,848.40",1851.5,1841.3,3110000.0,2019,4,1845.2866666666666,1845.2866666666666,-0.0005477015514595383,-0.0009810989392206038,Slight or no change
2019-04-11,1844.07,"1,848.70",1849.95,1840.31,2650000.0,2019,4,1844.7766666666666,1844.7766666666669,-0.0017647090665988162,0.0005480016928369746,Slight or no change
2019-04-10,1847.33,"1,841.00",1848.0,1828.81,2960000.0,2019,4,1841.3799999999999,1841.38,0.006258715356458084,0.0017678287700575446,Slight or no change
2019-04-09,1835.84,"1,845.49",1853.09,1831.78,3710000.0,2019,4,1840.2366666666667,1840.2366666666667,-0.00757895192068588,-0.0062197874770615336,Slight or no change
2019-04-08,1849.86,"1,833.23",1850.2,1825.11,3750000.0,2019,4,1841.7233333333334,1841.7233333333334,0.006847078289645523,0.007636831096391905,Slight or no change
2019-04-05,1837.28,"1,829.00",1838.58,1825.19,3640000.0,2019,4,1833.6833333333332,1833.6833333333332,0.010127222545990387,-0.0068005146335398114,Slight or no change
2019-04-04,1818.86,"1,820.65",1828.75,1804.2,3620000.0,2019,4,1817.2699999999998,1817.2699999999998,-0.001010600318558876,-0.010025690150657574,Slight or no change
2019-04-03,1820.7,"1,826.72",1830.0,1809.62,3980000.0,2019,4,1820.1066666666666,1820.1066666666666,0.0037045612410280307,0.0010116226647460813,Slight or no change
2019-04-02,1813.98,"1,811.02",1820.0,1805.12,3450000.0,2019,4,1813.0333333333335,1813.0333333333335,-0.00011575413821046108,-0.0036908881199538834,Slight or no change
2019-04-01,1814.19,"1,800.11",1815.67,1798.73,4240000.0,2019,4,1809.53,1809.53,0.018778604520567208,0.00011576753878217438,Slight or no change
2019-03-29,1780.75,"1,786.58",1792.86,1776.63,3320000.0,2019,3,1783.4133333333332,1783.4133333333332,0.004133256645351878,-0.01843246848455793,Slight or no change
2019-03-28,1773.42,"1,770.00",1777.93,1753.47,3040000.0,2019,3,1768.2733333333335,1768.2733333333335,0.004372203658605667,-0.004116243155973587,Slight or no change
2019-03-27,1765.7,"1,784.13",1787.5,1745.68,4320000.0,2019,3,1766.2933333333333,1766.2933333333333,-0.010124680450284761,-0.004353170709702203,Slight or no change
2019-03-26,1783.76,"1,793.00",1805.77,1773.36,4870000.0,2019,3,1787.6299999999999,1787.63,0.005354344909990644,0.010228238092541142,Slight or no change
2019-03-25,1774.26,"1,757.79",1782.68,1747.5,5100000.0,2019,3,1768.1466666666668,1768.1466666666668,0.005377471285209976,-0.0053258285868054145,Slight or no change
2019-03-22,1764.77,"1,810.17",1818.98,1763.11,6360000.0,2019,3,1782.2866666666666,1782.2866666666666,-0.029951738618998937,-0.005348708757453857,Slight or no change
2019-03-21,1819.26,"1,796.26",1823.75,1787.28,5770000.0,2019,3,1810.0966666666666,1810.0966666666666,0.012235223422190328,0.030876544818871476,Slight or no change
2019-03-20,1797.27,"1,769.94",1799.5,1767.03,6270000.0,2019,3,1787.9333333333334,1787.9333333333334,0.020103868093197533,-0.012087332211998314,Slight or no change
2019-03-19,1761.85,"1,753.51",1784.16,1753.51,6360000.0,2019,3,1766.506666666667,1766.506666666667,0.011307866716413522,-0.019707667740517576,Slight or no change
2019-03-18,1742.15,"1,712.70",1750.0,1712.63,5430000.0,2019,3,1734.926666666667,1734.926666666667,0.017397042677941666,-0.011181428611970246,Slight or no change
2019-03-15,1712.36,"1,703.00",1718.8,1693.13,7550000.0,2019,3,1708.0966666666666,1708.0966666666666,0.01550212902231018,-0.017099560887409382,Slight or no change
2019-03-14,1686.22,"1,691.20",1702.0,1684.34,2950000.0,2019,3,1690.8533333333335,1690.8533333333335,-0.0027146752148378105,-0.015265481557616312,Slight or no change
2019-03-13,1690.81,"1,683.00",1700.0,1679.35,3550000.0,2019,3,1690.0533333333333,1690.0533333333333,0.010585141354372146,0.002722064736511154,Slight or no change
2019-03-12,1673.1,"1,669.00",1684.27,1660.98,3610000.0,2019,3,1672.7833333333335,1672.7833333333335,0.001484478816247871,-0.010474269728709906,Slight or no change
2019-03-11,1670.62,"1,626.12",1672.29,1626.01,3880000.0,2019,3,1656.3066666666666,1656.3066666666666,0.03073790720631783,-0.0014822784053553084,Slight or no change
2019-03-08,1620.8,"1,604.01",1622.72,1586.57,4670000.0,2019,3,1610.03,1610.03,-0.003167379070697187,-0.02982126396188234,Slight or no change
2019-03-07,1625.95,"1,667.37",1669.75,1620.51,4960000.0,2019,3,1638.7366666666667,1638.7366666666667,-0.025764702357769856,0.0031774432379072515,Slight or no change
2019-03-06,1668.95,"1,695.97",1697.75,1668.28,4000000.0,2019,3,1678.3266666666666,1678.3266666666666,-0.013873542775772124,0.02644607767766538,Slight or no change
2019-03-05,1692.43,"1,702.95",1707.8,1689.01,3680000.0,2019,3,1696.4133333333332,1696.4133333333332,-0.002204967662439501,0.014068725845591601,Slight or no change
2019-03-04,1696.17,"1,685.00",1709.43,1674.36,6170000.0,2019,3,1693.32,1693.32,0.014619585698647542,0.0022098402888155455,Slight or no change
2019-03-01,1671.73,"1,655.13",1674.26,1651.0,4970000.0,2019,3,1665.6633333333332,1665.6633333333332,0.019453236006171427,-0.014408933066850649,Slight or no change
2019-02-28,1639.83,"1,635.25",1651.77,1633.83,3030000.0,2019,2,1641.8100000000002,1641.8100000000004,-0.0007677823885344441,-0.019082028796516215,Slight or no change
2019-02-27,1641.09,"1,628.18",1641.81,1615.1,3150000.0,2019,2,1632.6666666666667,1632.6666666666667,0.0028660474211683125,0.0007683723312781332,Slight or no change
2019-02-26,1636.4,"1,625.98",1639.99,1616.13,2670000.0,2019,2,1630.8400000000001,1630.84,0.0020820575627679676,-0.0028578566684336337,Slight or no change
2019-02-25,1633.0,"1,641.45",1654.6,1630.39,3180000.0,2019,2,1639.33,1639.33,0.0008825908946039708,-0.0020777316059643613,Slight or no change
2019-02-22,1631.56,"1,623.50",1634.94,1621.17,3100000.0,2019,2,1629.2233333333334,1629.2233333333331,0.007484068566911951,-0.0008818126148193439,Slight or no change
2019-02-21,1619.44,"1,619.85",1623.56,1600.91,3480000.0,2019,2,1614.6366666666665,1614.6366666666668,-0.0016398495777078198,-0.00742847336291641,Slight or no change
2019-02-20,1622.1,"1,630.00",1634.93,1610.12,3340000.0,2019,2,1622.3833333333332,1622.3833333333332,-0.003366961992651678,0.0016425431013189495,Slight or no change
2019-02-19,1627.58,"1,601.00",1634.0,1600.56,3680000.0,2019,2,1620.7133333333331,1620.7133333333331,0.012208091047607127,0.0033783367239996753,Slight or no change
2019-02-15,1607.95,"1,627.86",1628.91,1604.5,4340000.0,2019,2,1613.7866666666669,1613.7866666666669,-0.00905925492250334,-0.01206085107951671,Slight or no change
2019-02-14,1622.65,"1,624.50",1637.9,1606.06,4120000.0,2019,2,1622.2033333333336,1622.2033333333334,-0.010579268292682872,0.009142075313287146,Slight or no change
2019-02-13,1640.0,"1,647.00",1656.38,1637.11,3560000.0,2019,2,1644.4966666666667,1644.4966666666667,0.0012148887979926918,0.01069238591193411,Slight or no change
2019-02-12,1638.01,"1,604.00",1639.39,1598.88,4860000.0,2019,2,1625.426666666667,1625.426666666667,0.029547454431175357,-0.0012134146341463703,Slight or no change
2019-02-11,1591.0,"1,600.98",1609.29,1586.0,3320000.0,2019,2,1595.43,1595.43,0.0017503872259510475,-0.028699458489264362,Slight or no change
2019-02-08,1588.22,"1,586.00",1588.59,1566.76,5660000.0,2019,2,1581.1899999999998,1581.1899999999996,-0.01619826929390404,-0.0017473287240729052,Slight or no change
2019-02-07,1614.37,"1,625.00",1625.54,1592.91,4630000.0,2019,2,1610.9399999999998,1610.9399999999998,-0.015784083011229987,0.016464973366410174,Slight or no change
2019-02-06,1640.26,"1,670.75",1672.26,1633.34,3940000.0,2019,2,1648.62,1648.62,-0.01118271532001854,0.016037215755991596,Slight or no change
2019-02-05,1658.81,"1,643.34",1665.26,1642.5,4450000.0,2019,2,1655.5233333333333,1655.5233333333333,0.015612467933215373,0.011309182690548925,Slight or no change
2019-02-04,1633.31,"1,623.00",1649.63,1613.5,4930000.0,2019,2,1632.1466666666668,1632.1466666666668,0.0043536277156367344,-0.01537246580379914,Slight or no change
2019-02-01,1626.23,"1,638.88",1673.06,1622.01,11510000.0,2019,2,1640.4333333333334,1640.4333333333334,-0.053818808073403036,-0.004334755802633872,Slight or no change
2019-01-31,1718.73,"1,692.85",1736.41,1679.08,10910000.0,2019,1,1711.4066666666668,1711.406666666667,0.028914710583502423,0.05688002312096074,Slight or no change
2019-01-30,1670.43,"1,623.00",1676.95,1619.68,5780000.0,2019,1,1655.6866666666667,1655.6866666666667,0.048027455015434005,-0.02810214518859855,Slight or no change
2019-01-29,1593.88,"1,631.27",1632.38,1590.72,4630000.0,2019,1,1605.66,1605.66,-0.026869936320509918,-0.04582652370946405,Slight or no change
2019-01-28,1637.89,"1,643.59",1645.0,1614.09,4840000.0,2019,1,1632.3266666666668,1632.3266666666668,-0.019562185361882374,0.027611865385098078,Slight or no change
2019-01-25,1670.57,"1,670.50",1683.48,1661.61,4960000.0,2019,1,1671.8866666666665,1671.8866666666665,0.009450550778582702,0.019952499862627926,Slight or no change
2019-01-24,1654.93,"1,641.07",1657.26,1631.78,4090000.0,2019,1,1647.99,1647.99,0.009091352544481214,-0.009362074022638889,Slight or no change
2019-01-23,1640.02,"1,656.00",1657.43,1612.0,5230000.0,2019,1,1636.4833333333333,1636.4833333333333,0.004809548025021848,-0.009009444508226938,Slight or no change
2019-01-22,1632.17,"1,681.00",1681.87,1610.2,6420000.0,2019,1,1641.4133333333332,1641.413333333333,-0.03774908619266594,-0.004786526993573181,Slight or no change
2019-01-18,1696.2,"1,712.00",1716.2,1691.54,6020000.0,2019,1,1701.3133333333335,1701.3133333333335,0.0017599603123043775,0.03922998217097473,Slight or no change
2019-01-17,1693.22,"1,680.00",1700.17,1677.5,4210000.0,2019,1,1690.2966666666669,1690.2966666666669,0.0056064331444725885,-0.001756868293833258,Slight or no change
2019-01-16,1683.78,"1,684.22",1705.0,1675.88,6370000.0,2019,1,1688.22,1688.22,0.005505923944200284,-0.0055751762913266445,Slight or no change
2019-01-15,1674.56,"1,632.00",1675.16,1626.01,6000000.0,2019,1,1658.5766666666668,1658.5766666666666,0.035462308543726485,-0.005475774744919226,Slight or no change
2019-01-14,1617.21,"1,615.00",1648.2,1595.15,6010000.0,2019,1,1620.1866666666665,1620.1866666666665,-0.014232944848100594,-0.03424780240779657,Slight or no change
2019-01-11,1640.56,"1,640.55",1660.29,1636.22,4690000.0,2019,1,1645.6899999999998,1645.6899999999998,-0.009455265604811004,0.014438446460261822,Slight or no change
2019-01-10,1656.22,"1,641.01",1663.25,1621.62,6510000.0,2019,1,1647.03,1647.03,-0.0019283846163117508,0.009545521041595562,Slight or no change
2019-01-09,1659.42,"1,652.98",1667.8,1641.4,6350000.0,2019,1,1656.206666666667,1656.2066666666672,0.0017143753999204058,0.001932110468416015,Slight or no change
2019-01-08,1656.58,"1,664.69",1676.61,1616.61,8880000.0,2019,1,1649.9333333333332,1649.9333333333332,0.01661235586157798,-0.0017114413469767609,Slight or no change
2019-01-07,1629.51,"1,602.31",1634.56,1589.18,7990000.0,2019,1,1617.75,1617.75,0.0343533982061584,-0.016340895097127772,Slight or no change
2019-01-04,1575.39,"1,530.00",1594.0,1518.31,9180000.0,2019,1,1562.5666666666668,1562.5666666666668,0.050063988055563044,-0.033212438094887387,Slight or no change
2019-01-03,1500.28,"1,520.01",1538.0,1497.11,6980000.0,2019,1,1511.7966666666664,1511.7966666666664,-0.025241532554105328,-0.04767708313496988,Slight or no change
2019-01-02,1539.13,"1,465.20",1553.36,1460.93,7980000.0,2019,1,1517.8066666666666,1517.8066666666666,0.024740840362989992,0.025895166235636147,Slight or no change
2018-12-31,1501.97,"1,510.80",1520.76,1487.0,6950000.0,2018,12,1503.243333333333,1503.2433333333333,0.016204110905129868,-0.02414350964505929,Slight or no change
2018-12-28,1478.02,"1,473.35",1513.47,1449.0,8830000.0,2018,12,1480.1633333333332,1480.1633333333332,0.01120658985796768,-0.015945724615005652,Slight or no change
2018-12-27,1461.64,"1,454.20",1469.0,1390.31,9720000.0,2018,12,1440.3166666666668,1440.3166666666668,-0.0062954653613433885,-0.011082394013612773,Slight or no change
2018-12-26,1470.9,"1,368.89",1473.16,1363.01,10410000.0,2018,12,1435.6900000000003,1435.6900000000003,0.09445221583975717,0.00633534933362534,Slight or no change
2018-12-24,1343.96,"1,346.00",1396.03,1307.0,7220000.0,2018,12,1348.9966666666667,1348.9966666666667,-0.024313042215688415,-0.08630090420830783,Slight or no change
2018-12-21,1377.45,"1,464.99",1480.0,1363.96,13640000.0,2018,12,1407.1366666666665,1407.1366666666665,-0.05707714107733267,0.024918896395726087,Slight or no change
2018-12-20,1460.83,"1,484.00",1509.5,1432.69,9990000.0,2018,12,1467.6733333333334,1467.6733333333334,-0.022908473125183938,0.060532142727503624,Slight or no change
2018-12-19,1495.08,"1,543.05",1584.53,1483.18,8790000.0,2018,12,1520.93,1520.93,-0.03635238610874784,0.023445575460525836,Slight or no change
2018-12-18,1551.48,"1,540.00",1567.55,1523.01,6520000.0,2018,12,1547.3466666666666,1547.3466666666666,0.020099808667179475,0.037723733847018215,Slight or no change
2018-12-17,1520.91,"1,566.00",1576.13,1505.01,8830000.0,2018,12,1534.0166666666667,1534.0166666666667,-0.04460051133543982,-0.019703766725964855,Slight or no change
2018-12-14,1591.91,"1,638.00",1642.57,1585.0,6370000.0,2018,12,1606.493333333333,1606.493333333333,-0.0400812841447678,0.04668257819331845,Slight or no change
2018-12-13,1658.38,"1,680.00",1692.12,1641.5,5270000.0,2018,12,1664.0,1664.0,-0.0031018190124673015,0.04175487307699566,Slight or no change
2018-12-12,1663.54,"1,669.00",1704.99,1660.27,6600000.0,2018,12,1676.2666666666664,1676.2666666666664,0.012353642803242347,0.0031114702299834818,Slight or no change
2018-12-11,1643.24,"1,678.00",1679.47,1619.6,6240000.0,2018,12,1647.4366666666665,1647.4366666666663,0.0013467151727878444,-0.012202892626567374,Slight or no change
2018-12-10,1641.03,"1,623.84",1657.99,1590.87,7490000.0,2018,12,1629.9633333333331,1629.9633333333331,0.007304512224315962,-0.0013449039702052579,Slight or no change
2018-12-07,1629.13,"1,705.07",1718.93,1625.46,7580000.0,2018,12,1657.8400000000001,1657.8400000000001,-0.04123141026018276,-0.007251543238088187,Slight or no change
2018-12-06,1699.19,"1,614.87",1701.05,1609.85,8790000.0,2018,12,1670.03,1670.03,0.01845480700071923,0.04300454843996482,Slight or no change
2018-12-04,1668.4,"1,756.00",1770.34,1665.0,8690000.0,2018,12,1701.2466666666667,1701.2466666666667,-0.05865625493692016,-0.018120398542835092,Slight or no change
2018-12-03,1772.36,"1,769.46",1778.34,1730.0,6860000.0,2018,12,1760.2333333333333,1760.2333333333333,0.04862824449611567,0.062311196355789855,Slight or no change
2018-11-30,1690.17,"1,679.50",1696.0,1666.5,5760000.0,2018,11,1684.2233333333334,1684.2233333333334,0.009918915850547116,-0.04637319731882905,Slight or no change
2018-11-29,1673.57,"1,674.99",1689.99,1652.33,6610000.0,2018,11,1671.9633333333331,1671.9633333333331,-0.0024914319773506562,-0.00982149724583925,Slight or no change
2018-11-28,1677.75,"1,613.92",1681.45,1601.21,8460000.0,2018,11,1653.47,1653.47,0.06091360928785517,0.002497654714173958,Slight or no change
2018-11-27,1581.42,"1,575.99",1597.65,1558.01,5780000.0,2018,11,1579.0266666666666,1579.0266666666669,5.6914116598145565e-05,-0.057416182387125536,Slight or no change
2018-11-26,1581.33,"1,539.00",1584.81,1524.22,6260000.0,2018,11,1563.4533333333331,1563.4533333333331,0.052774190112245836,-5.691087756587443e-05,Slight or no change
2018-11-23,1502.06,"1,517.00",1536.2,1501.81,2710000.0,2018,11,1513.3566666666666,1513.3566666666666,-0.009672123581652682,-0.05012868914141888,Slight or no change
2018-11-21,1516.73,"1,542.99",1550.0,1515.0,5720000.0,2018,11,1527.243333333333,1527.243333333333,0.014223048426571076,0.009766587220217726,Slight or no change
2018-11-20,1495.46,"1,437.50",1534.75,1420.0,10880000.0,2018,11,1483.4033333333334,1483.4033333333334,-0.01112881788545843,-0.014023590223704918,Slight or no change
2018-11-19,1512.29,"1,577.01",1581.19,1503.36,7790000.0,2018,11,1532.28,1532.28,-0.05090968426205441,0.01125406229521353,Slight or no change
2018-11-16,1593.41,"1,587.50",1614.48,1573.12,6070000.0,2018,11,1593.67,1593.67,-0.016073457491478517,0.0536405054586091,Slight or no change
2018-11-15,1619.44,"1,581.01",1624.82,1546.51,8430000.0,2018,11,1596.9233333333334,1596.9233333333334,0.012776655555625084,0.016336034040203007,Slight or no change
2018-11-14,1599.01,"1,656.32",1673.0,1597.07,6490000.0,2018,11,1623.0266666666666,1623.0266666666666,-0.019715909439236914,-0.01261547201501756,Slight or no change
2018-11-13,1631.17,"1,649.29",1677.06,1613.75,5930000.0,2018,11,1640.6599999999999,1640.66,-0.003470079726303471,0.02011244457508088,Slight or no change
2018-11-12,1636.85,"1,698.24",1708.55,1630.01,6810000.0,2018,11,1658.47,1658.47,-0.044136110673137094,0.003482163109914893,Slight or no change
2018-11-09,1712.43,"1,732.50",1743.92,1701.87,5900000.0,2018,11,1719.4066666666668,1719.4066666666668,-0.02420636955741321,0.046174053822891636,Slight or no change
2018-11-08,1754.91,"1,755.00",1784.0,1725.11,6530000.0,2018,11,1754.6733333333332,1754.6733333333332,-0.0003303920842613329,0.024806853418825936,Slight or no change
2018-11-07,1755.49,"1,673.00",1759.23,1664.08,8189999.999999999,2018,11,1726.2666666666667,1726.2666666666667,0.06858979431583694,0.00033050127926781414,Slight or no change
2018-11-06,1642.81,"1,618.35",1665.0,1614.55,4260000.0,2018,11,1640.7866666666666,1640.7866666666666,0.009221034525125932,-0.06418720699064084,Slight or no change
2018-11-05,1627.8,"1,657.57",1658.09,1596.36,5620000.0,2018,11,1627.4166666666667,1627.416666666667,-0.022653449652663128,-0.009136783925103975,Slight or no change
2018-11-02,1665.53,"1,678.59",1697.44,1651.83,6960000.0,2018,11,1671.6000000000001,1671.6,0.0,0.02317852316009339,Slight or no change
2018-11-01,1665.53,"1,623.53",1670.45,1598.44,8140000.000000001,2018,11,1644.8066666666666,1644.8066666666666,0.04225255161106625,0.0,Slight or no change
2018-10-31,1598.01,"1,569.99",1623.91,1565.09,9390000.0,2018,10,1595.67,1595.67,0.04416434704198842,-0.04053964803996324,Slight or no change
2018-10-30,1530.42,"1,486.16",1540.99,1476.36,12460000.0,2018,10,1515.9233333333332,1515.9233333333332,-0.00549750467872741,-0.04229635609289051,Slight or no change
2018-10-29,1538.88,"1,660.00",1665.74,1495.0,13870000.0,2018,10,1566.54,1566.54,-0.06326355451939046,0.0055278943035246275,Slight or no change
2018-10-26,1642.81,"1,649.59",1698.46,1603.0,14960000.0,2018,10,1648.0900000000001,1648.0900000000001,-0.07819680501860099,0.06753613017259297,Slight or no change
2018-10-25,1782.17,"1,703.34",1794.81,1692.01,10290000.0,2018,10,1756.33,1756.33,0.07088691263069344,0.08483026034660135,Slight or no change
2018-10-24,1664.2,"1,773.70",1777.71,1656.56,6930000.0,2018,10,1699.4899999999998,1699.4899999999998,-0.05908294227398654,-0.06619458300835501,Slight or no change
2018-10-23,1768.7,"1,742.24",1776.34,1714.0,6720000.0,2018,10,1753.0133333333333,1753.0133333333333,-0.011512882132677532,0.06279293354164173,Slight or no change
2018-10-22,1789.3,"1,784.00",1809.5,1756.0,4500000.0,2018,10,1784.9333333333334,1784.9333333333334,0.014325153200342387,0.011646972352575391,Slight or no change
2018-10-19,1764.03,"1,785.16",1809.1,1753.0,5910000.0,2018,10,1775.3766666666668,1775.3766666666668,-0.003778124152886992,-0.014122841334600067,Slight or no change
2018-10-18,1770.72,"1,821.49",1830.15,1767.87,5870000.0,2018,10,1789.58,1789.58,-0.03330731057524853,0.0037924525093111505,Slight or no change
2018-10-17,1831.73,"1,842.79",1845.0,1807.0,5300000.0,2018,10,1827.9099999999999,1827.91,0.006467175102749501,0.03445491099665676,Slight or no change
2018-10-16,1819.96,"1,783.50",1823.88,1761.55,5860000.0,2018,10,1801.7966666666669,1801.7966666666669,0.033510321133479085,-0.006425619496323143,Slight or no change
2018-10-15,1760.95,"1,795.00",1795.05,1734.23,6440000.0,2018,10,1763.4099999999999,1763.41,-0.015464522729941046,-0.032423789533835956,Slight or no change
2018-10-12,1788.61,"1,808.00",1808.95,1742.53,9440000.0,2018,10,1780.03,1780.03,0.04027661455425275,0.01570743064822966,Slight or no change
2018-10-11,1719.36,"1,724.00",1755.4,1685.1,13940000.0,2018,10,1719.9533333333336,1719.9533333333336,-0.020447229739353426,-0.038717216162271306,Slight or no change
2018-10-10,1755.25,"1,857.89",1858.56,1754.41,10990000.0,2018,10,1789.4066666666668,1789.4066666666668,-0.061524231147611075,0.020874046156709625,Slight or no change
2018-10-09,1870.32,"1,859.99",1896.68,1852.32,4770000.0,2018,10,1873.1066666666666,1873.1066666666666,0.0031645230152003642,0.06555761287565876,Slight or no change
2018-10-08,1864.42,"1,874.00",1902.0,1830.66,7390000.0,2018,10,1865.6933333333334,1865.6933333333334,-0.013351678882332716,-0.0031545403995038024,Slight or no change
2018-10-05,1889.65,"1,917.99",1929.08,1862.83,6820000.0,2018,10,1893.8533333333332,1893.8533333333332,-0.010353929465492129,0.01353235858872992,Slight or no change
2018-10-04,1909.42,"1,949.00",1956.0,1896.57,7260000.0,2018,10,1920.6633333333332,1920.663333333333,-0.02219422765726455,0.010462254914931357,Slight or no change
2018-10-03,1952.76,"1,981.70",1989.7,1949.81,5250000.0,2018,10,1964.0900000000001,1964.09,-0.009409986252796342,0.022697992060416228,Slight or no change
2018-10-02,1971.31,"1,999.99",2013.39,1965.77,5400000.0,2018,10,1983.4899999999998,1983.4899999999996,-0.016489053862579553,0.009499375243245511,Slight or no change
2018-10-01,2004.36,"2,021.99",2033.19,2003.6,3470000.0,2018,10,2013.7166666666665,2013.7166666666665,0.0006789815277083873,0.016765501113472636,Slight or no change
2018-09-28,2003.0,"2,004.41",2026.52,1996.46,4090000.0,2018,9,2008.6599999999999,2008.6599999999999,-0.004957823724031048,-0.0006785208246022911,Slight or no change
2018-09-27,2012.98,"1,993.24",2016.16,1988.58,4330000.0,2018,9,2005.9066666666668,2005.906666666667,0.019307795528774395,0.004982526210683957,Slight or no change
2018-09-26,1974.85,"1,968.50",1995.25,1961.52,4310000.0,2018,9,1977.2066666666667,1977.2066666666667,0.0001519333519029422,-0.018942065991713886,Slight or no change
2018-09-25,1974.55,"1,942.90",1975.91,1938.85,4540000.0,2018,9,1963.1033333333332,1963.103333333333,0.020776897785314035,-0.00015191027166616689,Slight or no change
2018-09-24,1934.36,"1,903.79",1936.88,1865.0,4210000.0,2018,9,1912.08,1912.08,0.010104385877880486,-0.02035400470993398,Slight or no change
2018-09-21,1915.01,"1,954.22",1957.31,1910.5,6860000.0,2018,9,1927.6066666666666,1927.6066666666666,-0.015064547652111281,-0.010003308587853255,Slight or no change
2018-09-20,1944.3,"1,938.58",1955.0,1932.25,3150000.0,2018,9,1943.8500000000001,1943.85,0.009281465101068241,0.015294959295251598,Slight or no change
2018-09-19,1926.42,"1,940.50",1940.83,1904.9,4059999.9999999995,2018,9,1924.05,1924.05,-0.007537157723912255,-0.009196111711155641,Slight or no change
2018-09-18,1941.05,"1,918.65",1958.2,1915.44,4270000.0,2018,9,1938.2300000000002,1938.2300000000002,0.017305807560677757,0.007594397898692762,Slight or no change
2018-09-17,1908.03,"1,954.73",1956.82,1887.41,7050000.0,2018,9,1917.42,1917.42,-0.03155025657423907,-0.017011411349527328,Slight or no change
2018-09-14,1970.19,"1,992.93",1993.65,1959.22,3640000.0,2018,9,1974.3533333333335,1974.3533333333335,-0.009890093322679289,0.032578104117859885,Slight or no change
2018-09-13,1989.87,"2,000.00",2008.76,1982.03,3620000.0,2018,9,1993.5533333333333,1993.553333333333,-6.532663316588399e-05,0.009988884320801361,Slight or no change
2018-09-12,1990.0,"1,994.00",2000.0,1962.44,4410000.0,2018,9,1984.1466666666668,1984.1466666666668,0.0014342148302845326,6.533090101368266e-05,Slight or no change
2018-09-11,1987.15,"1,928.27",1988.88,1917.0,5030000.0,2018,9,1964.3433333333335,1964.3433333333335,0.024827102490446208,-0.0014321608040200884,Slight or no change
2018-09-10,1939.01,"1,971.00",1973.04,1931.52,4540000.0,2018,9,1947.8566666666666,1947.8566666666666,-0.006690333850732784,-0.024225649799964777,Slight or no change
2018-09-07,1952.07,"1,938.71",1975.2,1937.35,4890000.0,2018,9,1954.8733333333332,1954.8733333333332,-0.0031864209445899828,0.006735395897906615,Slight or no change
2018-09-06,1958.31,"2,006.51",2007.5,1935.21,7490000.0,2018,9,1967.006666666667,1967.0066666666671,-0.018302403224351064,0.0031966066790638514,Slight or no change
2018-09-05,1994.82,"2,038.11",2040.38,1989.89,8220000.000000001,2018,9,2008.3633333333335,2008.3633333333335,-0.02191212595182179,0.01864362639214434,Slight or no change
2018-09-04,2039.51,"2,026.50",2050.5,2013.0,5720000.0,2018,9,2034.3366666666668,2034.3366666666668,0.013315380755300045,0.0224030238317241,Slight or no change
2018-08-31,2012.71,"2,007.00",2022.38,2004.74,4200000.0,2018,8,2013.2766666666666,2013.2766666666666,0.005158860955462963,-0.013140411177194555,Slight or no change
2018-08-30,2002.38,"1,997.42",2025.57,1986.9,7280000.0,2018,8,2004.95,2004.95,0.0021420349331866275,-0.005132383701576426,Slight or no change
2018-08-29,1998.1,"1,953.45",1998.69,1948.94,6530000.0,2018,8,1981.9099999999999,1981.91,0.03377448494945208,-0.0021374564268521468,Slight or no change
2018-08-28,1932.82,"1,937.73",1941.78,1928.82,3100000.0,2018,8,1934.4733333333334,1934.4733333333331,0.002666417662682537,-0.03267103748561129,Slight or no change
2018-08-27,1927.68,"1,915.00",1927.7,1909.28,3570000.0,2018,8,1921.5533333333333,1921.5533333333333,0.011698392455087915,-0.002659326786767502,Slight or no change
2018-08-24,1905.39,"1,910.51",1916.01,1902.54,2800000.0,2018,8,1907.9800000000002,1907.9800000000002,0.0013085290871827258,-0.011563122509960166,Slight or no change
2018-08-23,1902.9,"1,907.17",1919.5,1900.76,3560000.0,2018,8,1907.72,1907.72,-0.0010499238805186622,-0.0013068190764095045,Slight or no change
2018-08-22,1904.9,"1,876.64",1905.8,1876.64,3080000.0,2018,8,1895.78,1895.78,0.011404784912552706,0.001051027379263214,Slight or no change
2018-08-21,1883.42,"1,880.00",1897.75,1874.4,3110000.0,2018,8,1885.1899999999998,1885.1899999999996,0.003575405896489088,-0.011276182476770424,Slight or no change
2018-08-20,1876.71,"1,890.57",1891.75,1866.06,2860000.0,2018,8,1878.1733333333334,1878.1733333333336,-0.002927394247218705,-0.003562667912627049,Slight or no change
2018-08-17,1882.22,"1,885.80",1888.0,1855.55,4099999.9999999995,2018,8,1875.256666666667,1875.256666666667,-0.0022793291351270884,0.0029359890446578607,Slight or no change
2018-08-16,1886.52,"1,903.94",1905.0,1883.55,3960000.0,2018,8,1891.6899999999998,1891.6899999999998,0.0020715810944322757,0.0022845363453793954,Slight or no change
2018-08-15,1882.62,"1,909.55",1916.21,1869.79,7700000.0,2018,8,1889.54,1889.54,-0.019289974734977833,-0.002067298517905991,Slight or no change
2018-08-14,1919.65,"1,919.39",1921.01,1900.0,3990000.0,2018,8,1913.5533333333333,1913.5533333333333,0.01236683894104,0.01966939690431424,Slight or no change
2018-08-13,1896.2,"1,898.50",1925.0,1893.67,5530000.0,2018,8,1904.9566666666667,1904.9566666666665,0.005248369824524249,-0.01221576849946604,Slight or no change
2018-08-10,1886.3,"1,888.51",1899.5,1878.21,3640000.0,2018,8,1888.0033333333333,1888.0033333333333,-0.006436592714324857,-0.0052209682522941225,Slight or no change
2018-08-09,1898.52,"1,882.00",1914.57,1877.48,4860000.0,2018,8,1896.8566666666666,1896.8566666666666,0.006360918516633802,0.006478290833907607,Slight or no change
2018-08-08,1886.52,"1,861.00",1891.51,1854.5,3960000.0,2018,8,1877.51,1877.51,0.01290752115458956,-0.006320712976423781,Slight or no change
2018-08-07,1862.48,"1,854.53",1869.72,1846.27,3380000.0,2018,8,1859.4899999999998,1859.4899999999998,0.007971857664727381,-0.012743040094989722,Slight or no change
2018-08-06,1847.75,"1,825.81",1847.77,1818.92,3390000.0,2018,8,1838.1466666666668,1838.1466666666668,0.013415309687433177,-0.007908809759030966,Slight or no change
2018-08-03,1823.29,"1,837.74",1841.0,1821.5,3460000.0,2018,8,1828.5966666666666,1828.5966666666666,-0.006018546281203472,-0.013237721553240434,Slight or no change
2018-08-02,1834.33,"1,788.77",1836.56,1786.0,4350000.0,2018,8,1818.9633333333331,1818.9633333333331,0.02067695320976861,0.006054988509781811,Slight or no change
2018-08-01,1797.17,"1,784.00",1798.44,1776.02,4150000.0000000005,2018,8,1790.5433333333333,1790.5433333333333,0.011100234044468459,-0.020258077881297187,Slight or no change
2018-07-31,1777.44,"1,786.49",1801.83,1739.32,5740000.0,2018,7,1772.8633333333335,1772.8633333333335,-0.0010004383943525662,-0.010978371550827148,Slight or no change
2018-07-30,1779.22,"1,827.33",1829.5,1766.02,6560000.0,2018,7,1791.58,1791.58,-0.02093800040720419,0.00100144027365201,Slight or no change
2018-07-27,1817.27,"1,876.05",1880.05,1806.53,9680000.0,2018,7,1834.6166666666666,1834.6166666666666,0.005127212389380521,0.021385775789390937,Slight or no change
2018-07-26,1808.0,"1,839.00",1844.68,1804.5,9920000.0,2018,7,1819.0600000000002,1819.06,-0.02983993432102205,-0.005101058180677631,Slight or no change
2018-07-25,1863.61,"1,829.30",1863.84,1822.64,3840000.0,2018,7,1850.03,1850.03,0.01878922393999688,0.03075774336283188,Slight or no change
2018-07-24,1829.24,"1,829.01",1840.0,1809.38,4280000.0,2018,7,1826.2066666666667,1826.2066666666667,0.015116537180910106,-0.018442699921120798,Slight or no change
2018-07-23,1802.0,"1,812.21",1819.0,1769.99,3890000.0,2018,7,1796.9966666666667,1796.9966666666667,-0.006450901472128822,-0.01489143032078899,Slight or no change
2018-07-20,1813.7,"1,825.01",1834.84,1810.06,3890000.0,2018,7,1819.5333333333335,1819.5333333333333,0.00040265420828806774,0.0064927857935628275,Slight or no change
2018-07-19,1812.97,"1,829.46",1841.0,1811.27,4680000.0,2018,7,1821.7466666666667,1821.7466666666667,-0.016251383673735183,-0.00040249214313281545,Slight or no change
2018-07-18,1842.92,"1,848.00",1858.88,1831.27,4860000.0,2018,7,1844.3566666666666,1844.3566666666666,-0.0005477431355854023,0.01651985416195534,Slight or no change
2018-07-17,1843.93,"1,811.56",1851.69,1797.38,5680000.0,2018,7,1831.0,1831.0,0.01176412490603518,0.0005480433225533154,Slight or no change
2018-07-16,1822.49,"1,821.95",1841.95,1814.45,5470000.0,2018,7,1826.2966666666669,1826.2966666666669,0.005217784592643275,-0.01162733943262495,Slight or no change
2018-07-13,1813.03,"1,803.93",1815.3,1795.22,4390000.0,2018,7,1807.8500000000001,1807.8500000000001,0.00913381794703392,-0.005190700634845724,Slight or no change
2018-07-12,1796.62,"1,764.51",1798.0,1762.18,4530000.0,2018,7,1785.6000000000001,1785.6000000000001,0.023715099715099653,-0.009051146423390777,Slight or no change
2018-07-11,1755.0,"1,737.99",1756.96,1734.0,3210000.0,2018,7,1748.6533333333334,1748.6533333333334,0.006844246071586376,-0.023165722300764746,Slight or no change
2018-07-10,1743.07,"1,738.53",1750.0,1731.0,3000000.0,2018,7,1741.3566666666666,1741.3566666666666,0.002328897885015672,-0.006797720797720785,Slight or no change
2018-07-09,1739.02,"1,724.05",1739.56,1716.23,3010000.0,2018,7,1731.6033333333332,1731.6033333333332,0.01659622478268233,-0.0023234867217036825,Slight or no change
2018-07-06,1710.63,"1,696.00",1715.27,1691.67,2650000.0,2018,7,1705.8566666666666,1705.8566666666663,0.006412783206744654,-0.016325286655702542,Slight or no change
2018-07-05,1699.73,"1,705.38",1710.69,1682.15,2980000.0,2018,7,1697.5233333333333,1697.5233333333333,0.003406219745448524,-0.006371921455837981,Slight or no change
2018-07-03,1693.96,"1,723.96",1725.0,1692.48,2180000.0,2018,7,1703.8133333333335,1703.8133333333335,-0.01156507836478424,-0.0033946567984326492,Slight or no change
2018-07-02,1713.78,"1,682.70",1713.89,1678.06,3190000.0,2018,7,1701.9099999999999,1701.91,0.008224496999647028,0.011700394342251341,Slight or no change
2018-06-29,1699.8,"1,717.00",1723.41,1694.32,4540000.0,2018,6,1705.8433333333332,1705.8433333333332,-0.0009697610861324699,-0.008157406434898262,Slight or no change
2018-06-28,1701.45,"1,672.54",1705.5,1661.17,4530000.0,2018,6,1689.3733333333332,1689.3733333333332,0.02465507585019064,0.0009707024355807281,Slight or no change
2018-06-27,1660.51,"1,708.11",1711.95,1660.0,4870000.0,2018,6,1677.4866666666667,1677.4866666666667,-0.018083011548764363,-0.024061829615915853,Slight or no change
2018-06-26,1691.09,"1,672.37",1701.57,1663.34,4390000.0,2018,6,1685.3333333333333,1685.3333333333333,0.01679944683281714,0.01841602881042559,Slight or no change
2018-06-25,1663.15,"1,702.51",1705.0,1646.31,7510000.0,2018,6,1671.4866666666667,1671.4866666666667,-0.030611947519045026,-0.016521888249590444,Slight or no change
2018-06-22,1715.67,"1,742.62",1743.0,1711.9,4080000.0,2018,6,1723.5233333333333,1723.5233333333333,-0.008409335229045991,0.031578630911222705,Slight or no change
2018-06-21,1730.22,"1,760.00",1763.1,1717.56,4940000.0,2018,6,1736.9599999999998,1736.9599999999998,-0.011348052660449751,0.008480651873612022,Slight or no change
2018-06-20,1750.08,"1,742.50",1762.93,1741.36,4330000.0,2018,6,1751.4566666666667,1751.4566666666667,0.008819562134679876,0.011478309116759622,Slight or no change
2018-06-19,1734.78,"1,709.04",1736.11,1700.39,4290000.0,2018,6,1723.76,1723.76,0.006375486573190476,-0.008742457487657673,Slight or no change
2018-06-18,1723.79,"1,706.26",1726.74,1702.56,3110000.0,2018,6,1717.6966666666667,1717.6966666666665,0.0045571892282498735,-0.006335097245760313,Slight or no change
2018-06-15,1715.97,"1,714.00",1720.87,1708.52,4780000.0,2018,6,1715.1200000000001,1715.1200000000001,-0.004576937802373669,-0.004536515468821611,Slight or no change
2018-06-14,1723.86,"1,713.48",1724.8,1708.87,3170000.0,2018,6,1719.1766666666665,1719.1766666666665,0.011144610114613518,0.004597982482211105,Slight or no change
2018-06-13,1704.86,"1,702.81",1713.75,1700.12,3330000.0,2018,6,1706.243333333333,1706.243333333333,0.0035967623252390877,-0.011021776710405717,Slight or no change
2018-06-12,1698.75,"1,693.00",1699.51,1691.52,2260000.0,2018,6,1696.5933333333335,1696.5933333333335,0.00570119352088668,-0.0035838719894888404,Slight or no change
2018-06-11,1689.12,"1,681.51",1694.24,1680.59,2340000.0,2018,6,1687.9833333333333,1687.9833333333333,0.0030463363796696427,-0.005668874172185534,Slight or no change
2018-06-08,1683.99,"1,681.12",1689.44,1673.01,2960000.0,2018,6,1682.1466666666668,1682.146666666667,-0.0031433137986147785,-0.0030370843989768748,Slight or no change
2018-06-07,1689.3,"1,698.56",1699.9,1676.11,3770000.0,2018,6,1688.4366666666665,1688.4366666666665,-0.003803626713843459,0.003153225375447599,Slight or no change
2018-06-06,1695.75,"1,704.51",1714.5,1686.47,5470000.0,2018,6,1698.9066666666668,1698.906666666667,-0.00035370059244843876,0.0038181495293909684,Slight or no change
2018-06-05,1696.35,"1,672.99",1699.0,1670.06,4780000.0,2018,6,1688.47,1688.47,0.018663640130429256,0.0003538257408226553,Slight or no change
2018-06-04,1665.27,"1,648.90",1665.68,1645.49,3190000.0,2018,6,1658.8133333333333,1658.8133333333333,0.014455937717021833,-0.018321690688831826,Slight or no change
2018-06-01,1641.54,"1,637.03",1646.73,1635.09,3310000.0,2018,6,1641.12,1641.12,0.007314588677114956,-0.014249941450935943,Slight or no change
2018-05-31,1629.62,"1,623.00",1635.0,1621.35,3170000.0,2018,5,1628.6566666666665,1628.6566666666665,0.0029109662807942633,-0.007261473981748923,Slight or no change
2018-05-30,1624.89,"1,618.10",1626.0,1612.93,2910000.0,2018,5,1621.2733333333335,1621.2733333333338,0.007452553522602696,-0.0029025171512375714,Slight or no change
2018-05-29,1612.87,"1,600.71",1621.79,1600.15,3850000.0,2018,5,1611.6033333333332,1611.6033333333332,0.001689283607117225,-0.0073974238256129254,Slight or no change
2018-05-25,1610.15,"1,603.00",1614.12,1600.45,2700000.0,2018,5,1608.24,1608.24,0.00441652579113835,-0.0016864347405555202,Slight or no change
2018-05-24,1603.07,"1,598.03",1608.24,1588.38,3430000.0,2018,5,1599.8966666666668,1599.8966666666668,0.0007553718801893028,-0.004397105859702655,Slight or no change
2018-05-23,1601.86,"1,571.05",1601.86,1566.34,3360000.0,2018,5,1590.0199999999998,1590.0199999999998,0.01293790312381422,-0.0007548017241917337,Slight or no change
2018-05-22,1581.4,"1,589.89",1589.89,1575.25,2120000.0,2018,5,1582.18,1582.18,-0.0025607710065217323,-0.012772651792291367,Slight or no change
2018-05-21,1585.46,"1,585.00",1592.05,1575.0,2930000.0,2018,5,1584.17,1584.17,0.007044087476260438,0.00256734539016068,Slight or no change
2018-05-18,1574.37,"1,581.33",1583.59,1572.1,2640000.0,2018,5,1576.6866666666665,1576.6866666666665,-0.004672010924539816,-0.006994815384809505,Slight or no change
2018-05-17,1581.76,"1,580.56",1594.04,1573.0,2150000.0,2018,5,1582.9333333333334,1582.9333333333334,-0.003477647296003214,0.00469394106849097,Slight or no change
2018-05-16,1587.28,"1,577.50",1594.43,1576.67,2570000.0,2018,5,1586.1266666666668,1586.1266666666668,0.007080679136106441,0.0034897835322678095,Slight or no change
2018-05-15,1576.12,"1,587.81",1587.8,1565.22,5080000.0,2018,5,1576.38,1576.38,-0.015872222985376622,-0.007030895620180444,Slight or no change
2018-05-14,1601.54,"1,604.00",1611.18,1600.05,2510000.0,2018,5,1604.256666666667,1604.256666666667,-0.0008546955225184934,0.016128213587798035,Slight or no change
2018-05-11,1602.91,"1,610.99",1611.1,1597.89,2260000.0,2018,5,1603.966666666667,1603.966666666667,-0.0038344892733735087,0.0008554266518476794,Slight or no change
2018-05-10,1609.08,"1,608.47",1615.6,1603.44,2820000.0,2018,5,1609.3733333333332,1609.3733333333332,0.0006716417910447309,0.00384924917805729,Slight or no change
2018-05-09,1608.0,"1,600.00",1608.0,1592.0,3640000.0,2018,5,1602.6666666666667,1602.6666666666667,0.009802874923856529,-0.0006711909911253366,Slight or no change
2018-05-08,1592.39,"1,595.00",1596.88,1582.51,3070000.0,2018,5,1590.5933333333335,1590.5933333333335,-0.004843326208956716,-0.009707711442786038,Slight or no change
2018-05-07,1600.14,"1,589.34",1606.95,1587.83,3800000.0,2018,5,1598.3066666666666,1598.3066666666666,0.012138271292577283,0.004866898184489932,Slight or no change
2018-05-04,1580.95,"1,562.45",1584.9,1562.19,3440000.0,2018,5,1576.0133333333335,1576.0133333333333,0.0056422065034859034,-0.011992700638694176,Slight or no change
2018-05-03,1572.08,"1,560.01",1574.8,1546.02,4250000.0,2018,5,1564.3,1564.3,0.001528974058406722,-0.0056105506182991816,Slight or no change
2018-05-02,1569.68,"1,580.98",1588.5,1566.36,4360000.0,2018,5,1574.8466666666666,1574.8466666666666,-0.007950652863625401,-0.001526639865655599,Slight or no change
2018-05-01,1582.26,"1,563.22",1585.0,1552.18,4570000.0,2018,5,1573.1466666666668,1573.1466666666668,0.010299272729594529,0.008014372356148991,Slight or no change
2018-04-30,1566.13,"1,582.50",1596.0,1560.94,5460000.0,2018,4,1574.3566666666666,1574.3566666666666,-0.004126871081379979,-0.010194279069179468,Slight or no change
2018-04-27,1572.62,"1,634.01",1638.1,1567.39,13050000.0,2018,4,1592.7033333333331,1592.7033333333331,0.03600885398824729,0.004143972722570721,Slight or no change
2018-04-26,1517.96,"1,485.01",1529.42,1478.5,8800000.0,2018,4,1508.6266666666668,1508.6266666666668,0.039577583432066105,-0.03475728402284073,Slight or no change
2018-04-25,1460.17,"1,458.00",1469.99,1415.02,6590000.0,2018,4,1448.3933333333334,1448.3933333333334,5.4791143011838053e-05,-0.03807083190597904,Slight or no change
2018-04-24,1460.09,"1,535.80",1539.5,1448.45,7490000.0,2018,4,1482.68,1482.68,-0.03806016365145665,-5.4788141106931754e-05,Slight or no change
2018-04-23,1517.86,"1,546.69",1548.0,1503.41,4470000.0,2018,4,1523.09,1523.09,-0.006304460258332368,0.03956605414734704,Slight or no change
2018-04-20,1527.49,"1,561.20",1561.2,1516.09,5540000.0,2018,4,1534.9266666666665,1534.9266666666665,-0.018896403774142416,0.006344458645725082,Slight or no change
2018-04-19,1556.91,"1,543.22",1568.52,1539.06,6520000.0,2018,4,1554.83,1554.83,0.019026861451460993,0.01926035522327485,Slight or no change
2018-04-18,1527.84,"1,514.65",1533.8,1504.11,5230000.0,2018,4,1521.9166666666667,1521.9166666666667,0.01596590040097617,-0.018671599514422876,Slight or no change
2018-04-17,1503.83,"1,462.30",1507.19,1457.02,5110000.0,2018,4,1489.3466666666666,1489.3466666666666,0.04323968088796388,-0.015714996334694753,Slight or no change
2018-04-16,1441.5,"1,445.00",1447.0,1427.48,2810000.0,2018,4,1438.6599999999999,1438.6599999999999,0.007485375212295331,-0.041447504039685334,Slight or no change
2018-04-13,1430.79,"1,449.13",1459.78,1424.52,3690000.0,2018,4,1438.3633333333335,1438.3633333333332,-0.012226441146013142,-0.0074297606659730064,Slight or no change
2018-04-12,1448.5,"1,439.50",1452.12,1435.06,3140000.0,2018,4,1445.2266666666667,1445.2266666666665,0.015031008023545107,0.012377777311834759,Slight or no change
2018-04-11,1427.05,"1,439.44",1448.78,1424.89,3580000.0,2018,4,1433.5733333333335,1433.5733333333335,-0.0063848156967596,-0.014808422506040753,Slight or no change
2018-04-10,1436.22,"1,431.99",1438.38,1415.7,4280000.0,2018,4,1430.1000000000001,1430.1000000000001,0.021435480200273173,0.006425843523352404,Slight or no change
2018-04-09,1406.08,"1,425.03",1438.48,1402.57,4210000.0,2018,4,1415.71,1415.71,0.0006048831863822357,-0.020985642868084353,Slight or no change
2018-04-06,1405.23,"1,429.97",1452.5,1400.26,5880000.0,2018,4,1419.33,1419.33,-0.03204408472533148,-0.0006045175238961198,Slight or no change
2018-04-05,1451.75,"1,441.99",1459.56,1427.07,6410000.0,2018,4,1446.1266666666668,1446.1266666666668,0.02919387198083049,0.03310490097706431,Slight or no change
2018-04-04,1410.57,"1,358.24",1415.39,1352.88,6980000.0,2018,4,1392.9466666666667,1392.9466666666667,0.013304119823282197,-0.028365765455484748,Slight or no change
2018-04-03,1392.05,"1,391.38",1414.0,1355.33,10230000.0,2018,4,1387.1266666666668,1387.1266666666668,0.014621097821412653,-0.013129444125424494,Slight or no change
2018-04-02,1371.99,"1,417.62",1421.36,1355.0,10460000.0,2018,4,1382.7833333333335,1382.7833333333335,-0.05206102228916489,-0.014410401925218141,Slight or no change
2018-03-29,1447.34,"1,406.00",1455.47,1365.2,12580000.0,2018,3,1422.67,1422.67,0.011121823084768862,0.054920225366074105,Slight or no change
2018-03-28,1431.42,"1,447.00",1455.9,1386.17,13710000.0,2018,3,1424.4966666666667,1424.4966666666667,-0.043839551117197076,-0.010999488717232886,Slight or no change
2018-03-27,1497.05,"1,572.40",1575.96,1482.32,7000000.0,2018,3,1518.4433333333334,1518.4433333333334,-0.03779903076112243,0.04584957594556438,Slight or no change
2018-03-26,1555.86,"1,530.00",1556.99,1499.25,5620000.0,2018,3,1537.3666666666668,1537.3666666666668,0.04031934526197542,0.03928392505260336,Slight or no change
2018-03-23,1495.56,"1,539.01",1549.02,1495.36,8010000.0,2018,3,1513.3133333333333,1513.3133333333333,-0.031949874427154884,-0.03875670047433566,Slight or no change
2018-03-22,1544.92,"1,565.47",1573.85,1542.4,6320000.0,2018,3,1553.7233333333334,1553.7233333333331,-0.023352256204720916,0.03300435957099701,Slight or no change
2018-03-21,1581.86,"1,586.45",1590.0,1563.17,4750000.0,2018,3,1578.3433333333332,1578.3433333333332,-0.0029309616705851783,0.02391062320379045,Slight or no change
2018-03-20,1586.51,"1,550.34",1587.0,1545.41,4580000.0,2018,3,1572.9733333333334,1572.9733333333334,0.026913840756539083,0.0029395774594465074,Slight or no change
2018-03-19,1544.93,"1,554.53",1561.66,1525.35,6580000.0,2018,3,1543.9800000000002,1543.9800000000002,-0.01702000407207574,-0.026208470164070796,Slight or no change
2018-03-16,1571.68,"1,583.45",1589.44,1567.5,5430000.0,2018,3,1576.2066666666667,1576.2066666666667,-0.006724303554274656,0.01731470034241034,Slight or no change
2018-03-15,1582.32,"1,595.00",1596.91,1578.11,4070000.0000000005,2018,3,1585.78,1585.78,-0.0054556882463859604,0.0067698259187620735,Slight or no change
2018-03-14,1591.0,"1,597.00",1606.44,1590.89,4260000.0,2018,3,1596.11,1596.11,0.0017756173733455504,0.005485616057434584,Slight or no change
2018-03-13,1588.18,"1,615.96",1617.54,1578.01,6530000.0,2018,3,1594.5766666666668,1594.5766666666668,-0.006387677600585611,-0.0017724701445631652,Slight or no change
2018-03-12,1598.39,"1,592.60",1605.33,1586.7,5170000.0,2018,3,1596.8066666666666,1596.8066666666666,0.01235044873297063,0.006428742333992377,Slight or no change
2018-03-09,1578.89,"1,563.50",1578.94,1559.08,4530000.0,2018,3,1572.3033333333333,1572.3033333333333,0.017417808307450544,-0.012199776024624742,Slight or no change
2018-03-08,1551.86,"1,550.00",1554.88,1545.25,3860000.0,2018,3,1550.6633333333332,1550.6633333333332,0.004440129449838123,-0.017119622012933267,Slight or no change
2018-03-07,1545.0,"1,526.52",1545.9,1522.51,4170000.0,2018,3,1537.8033333333333,1537.8033333333333,0.004786556020915103,-0.004420501849393577,Slight or no change
2018-03-06,1537.64,"1,533.20",1542.13,1528.0,4560000.0,2018,3,1535.9233333333334,1535.9233333333334,0.009208393223987898,-0.004763754045307378,Slight or no change
2018-03-05,1523.61,"1,494.24",1525.38,1481.0,5230000.0,2018,3,1509.9966666666667,1509.9966666666667,0.015570738210298217,-0.00912437241486963,Slight or no change
2018-03-02,1500.25,"1,469.10",1501.05,1455.01,6590000.0,2018,3,1485.4366666666667,1485.4366666666667,0.0045532157085941645,-0.015332007534736514,Slight or no change
2018-03-01,1493.45,"1,513.60",1518.49,1465.0,6840000.0,2018,3,1492.3133333333335,1492.3133333333335,-0.012562398756983702,-0.004532577903682666,Slight or no change
2018-02-28,1512.45,"1,519.51",1528.7,1512.0,4520000.0,2018,2,1517.7166666666665,1517.7166666666665,0.00031085067262796287,0.01272222036224857,Slight or no change
2018-02-27,1511.98,"1,524.50",1526.78,1507.21,4810000.0,2018,2,1515.3233333333335,1515.3233333333335,-0.0065508065310949945,-0.0003107540745148629,Slight or no change
2018-02-26,1521.95,"1,509.20",1522.84,1507.0,4950000.0,2018,2,1517.2633333333333,1517.2633333333333,0.014633333333333364,0.006594002566171486,Slight or no change
2018-02-23,1500.0,"1,495.34",1500.0,1486.5,4420000.0,2018,2,1495.5,1495.5,0.009869794121211362,-0.014422287197345507,Slight or no change
2018-02-22,1485.34,"1,495.36",1502.54,1475.76,4860000.0,2018,2,1487.88,1487.88,0.0016319154101366528,-0.009773333333333412,Slight or no change
2018-02-21,1482.92,"1,485.00",1503.49,1478.92,6300000.0,2018,2,1488.4433333333334,1488.4433333333334,0.00992270235298135,-0.001629256601182072,Slight or no change
2018-02-20,1468.35,"1,446.49",1488.77,1446.49,6500000.0,2018,2,1467.87,1467.87,0.013570881278948467,-0.009825209721360695,Slight or no change
2018-02-16,1448.69,"1,457.37",1465.8,1446.56,4470000.0,2018,2,1453.6833333333332,1453.6833333333332,-0.008941276269702233,-0.013389178329417328,Slight or no change
2018-02-15,1461.76,"1,466.89",1468.94,1436.84,5650000.0,2018,2,1455.8466666666666,1455.8466666666666,0.007380862134316555,0.00902194396316669,Slight or no change
2018-02-14,1451.05,"1,406.25",1452.06,1403.36,5960000.0,2018,2,1435.4899999999998,1435.4899999999998,0.025832267004121542,-0.007326784150612942,Slight or no change
2018-02-13,1414.51,"1,385.93",1419.72,1383.53,5920000.0,2018,2,1405.92,1405.92,0.020400655013958702,-0.025181764928844608,Slight or no change
2018-02-12,1386.23,"1,364.67",1393.81,1344.01,6740000.0,2018,2,1374.6833333333334,1374.6833333333336,0.03480889817856085,-0.019992789022346913,Slight or no change
2018-02-09,1339.6,"1,373.49",1383.5,1265.93,14140000.0,2018,2,1329.6766666666665,1329.6766666666665,-0.008071084783413618,-0.03363799658065403,Slight or no change
2018-02-08,1350.5,"1,429.67",1433.75,1349.94,8580000.0,2018,2,1378.0633333333335,1378.0633333333335,-0.04678213978175862,0.00813675724096763,Slight or no change
2018-02-07,1416.78,"1,449.00",1460.99,1415.15,7160000.0,2018,2,1430.9733333333334,1430.9733333333334,-0.018061600731889848,0.04907811921510552,Slight or no change
2018-02-06,1442.84,"1,361.46",1443.99,1351.79,11070000.0,2018,2,1412.8733333333332,1412.8733333333332,0.03801438848920857,0.018393822611838084,Slight or no change
2018-02-05,1390.0,"1,402.62",1458.98,1320.72,11490000.0,2018,2,1389.8999999999999,1389.8999999999999,-0.027938039791601137,-0.03662221729367077,Slight or no change
2018-02-02,1429.95,"1,477.39",1498.0,1414.0,11130000.0,2018,2,1447.3166666666666,1447.3166666666666,0.028741007194244637,0.02874100719424466,Slight or no change
2018-02-01,1390.0,"1,445.00",1459.88,1385.14,9110000.0,2018,2,1411.6733333333334,1411.6733333333334,-0.04196734418184707,-0.027938039791601144,Slight or no change
2018-01-31,1450.89,"1,451.30",1472.58,1450.04,6420000.0,2018,1,1457.8366666666668,1457.836666666667,0.009090150366527218,0.04380575539568343,Slight or no change
2018-01-30,1437.82,"1,403.17",1439.25,1392.0,5870000.0,2018,1,1423.0233333333333,1423.0233333333333,0.01420630889904624,-0.009008263893196755,Slight or no change
2018-01-29,1417.68,"1,409.18",1431.39,1400.44,5700000.0,2018,1,1416.5033333333333,1416.5033333333333,0.011147961912913312,-0.014007316632123512,Slight or no change
2018-01-26,1402.05,"1,392.01",1402.53,1380.91,4860000.0,2018,1,1395.1633333333332,1395.1633333333332,0.01748974926521275,-0.011025055019468488,Slight or no change
2018-01-25,1377.95,"1,368.00",1378.34,1357.62,4750000.0,2018,1,1371.3033333333333,1371.3033333333333,0.01505697932243597,-0.017189115937377375,Slight or no change
2018-01-24,1357.51,"1,374.82",1388.16,1338.0,6810000.0,2018,1,1361.2233333333334,1361.2233333333334,-0.0036916347409984094,-0.014833629667259318,Slight or no change
2018-01-23,1362.54,"1,338.09",1364.9,1337.34,5170000.0,2018,1,1354.9266666666665,1354.9266666666665,0.02654240531601511,0.003705313404689381,Slight or no change
2018-01-22,1327.31,"1,297.17",1327.45,1296.66,4139999.9999999995,2018,1,1317.14,1317.14,0.02528233094903368,-0.02585612165514406,Slight or no change
2018-01-19,1294.58,"1,312.00",1313.0,1292.99,4580000.0,2018,1,1300.1899999999998,1300.1899999999998,0.0009742368478025476,-0.024658896565233457,Slight or no change
2018-01-18,1293.32,"1,293.95",1304.6,1284.02,4030000.0000000005,2018,1,1293.98,1293.98,-0.0012972972972973465,-0.0009732886341515812,Slight or no change
2018-01-17,1295.0,"1,312.24",1314.0,1280.88,5250000.0,2018,1,1296.6266666666668,1296.6266666666668,-0.00755636620020531,0.0012989824637368308,Slight or no change
2018-01-16,1304.86,"1,323.00",1339.94,1292.3,7220000.0,2018,1,1312.3666666666668,1312.3666666666668,-0.00026049647563602935,0.007613899613899466,Slight or no change
2018-01-12,1305.2,"1,273.39",1305.76,1273.39,5440000.0,2018,1,1294.7833333333335,1294.7833333333335,0.02233919227997617,0.0002605643517312739,Slight or no change
2018-01-11,1276.68,"1,259.74",1276.77,1256.46,3130000.0,2018,1,1269.97,1269.97,0.017818277486785883,-0.021851057309224653,Slight or no change
2018-01-10,1254.33,"1,245.15",1254.33,1237.23,2690000.0,2018,1,1248.6299999999999,1248.6299999999999,0.001301189430829314,-0.01750634458125777,Slight or no change
2018-01-09,1252.7,"1,256.90",1259.33,1241.76,3660000.0,2018,1,1251.2633333333333,1251.2633333333333,0.004675707972763925,-0.001299498537067456,Slight or no change
2018-01-08,1246.87,"1,236.00",1253.08,1232.03,4280000.0,2018,1,1243.993333333333,1243.993333333333,0.014424719722732796,-0.004653947473457487,Slight or no change
2018-01-05,1229.14,"1,217.51",1229.14,1210.0,3540000.0,2018,1,1222.76,1222.76,0.01616250134343057,-0.014219605893156295,Slight or no change
2018-01-04,1209.59,"1,205.00",1215.87,1204.66,3020000.0,2018,1,1210.04,1210.04,0.004476000664341366,-0.0159054298127147,Slight or no change
2018-01-03,1204.2,"1,188.30",1205.49,1188.3,3110000.0,2018,1,1199.33,1199.33,0.012775334101479428,-0.004456055357600408,Slight or no change
2018-01-02,1189.01,"1,172.00",1190.0,1170.51,2690000.0,2018,1,1183.1733333333334,1183.1733333333334,0.0167084234738813,-0.012614183690416891,Slight or no change
2017-12-29,1169.47,"1,182.35",1184.0,1167.5,2690000.0,2017,12,1173.6566666666668,1173.6566666666668,-0.014020740241126282,-0.01643383991724201,Slight or no change
2017-12-28,1186.1,"1,189.00",1190.1,1184.38,1840000.0,2017,12,1186.86,1186.86,0.003248016510750527,0.014220116805048422,Slight or no change
2017-12-27,1182.26,"1,179.91",1187.29,1175.61,1870000.0,2017,12,1181.72,1181.72,0.004673850232842721,-0.0032375010538739923,Slight or no change
2017-12-26,1176.76,"1,168.36",1178.32,1160.55,2009999.9999999998,2017,12,1171.8766666666668,1171.8766666666668,0.007189564860145924,-0.004652106981543835,Slight or no change
2017-12-22,1168.36,"1,172.08",1174.62,1167.83,1590000.0,2017,12,1170.2699999999998,1170.2699999999998,-0.005447921277537617,-0.007138243991978044,Slight or no change
2017-12-21,1174.76,"1,175.90",1179.17,1167.64,2120000.0,2017,12,1173.8566666666668,1173.8566666666668,-0.0024286272311950375,0.0054777637029683746,Slight or no change
2017-12-20,1177.62,"1,190.50",1191.0,1176.0,2370000.0,2017,12,1181.54,1181.54,-0.00821977799861899,0.002434539820899584,Slight or no change
2017-12-19,1187.38,"1,189.15",1192.97,1179.14,2590000.0,2017,12,1186.496666666667,1186.496666666667,-0.002687765626837187,0.008287902719043672,Slight or no change
2017-12-18,1190.58,"1,187.37",1194.78,1180.91,2950000.0,2017,12,1188.7566666666664,1188.7566666666664,0.009701986193327192,0.0026950091798749742,Slight or no change
2017-12-15,1179.14,"1,179.03",1182.75,1169.33,4780000.0,2017,12,1177.0733333333335,1177.0733333333335,0.004155808764668906,-0.009608762115943303,Slight or no change
2017-12-14,1174.26,"1,163.71",1177.93,1162.45,3210000.0,2017,12,1171.5466666666669,1171.5466666666669,0.00870177729291392,-0.004138609495055845,Slight or no change
2017-12-13,1164.13,"1,170.00",1170.87,1160.27,2620000.0,2017,12,1165.09,1165.09,-0.0008153946510109333,-0.008626709587314485,Slight or no change
2017-12-12,1165.08,"1,166.51",1173.6,1161.61,2240000.0,2017,12,1166.7633333333333,1166.7633333333333,-0.0032850836669747674,0.0008160600620203962,Slight or no change
2017-12-11,1168.92,"1,164.60",1169.9,1157.0,2360000.0,2017,12,1165.2733333333333,1165.2733333333333,0.005955249569707464,0.003295911010402941,Slight or no change
2017-12-08,1162.0,"1,170.40",1172.79,1157.1,3050000.0,2017,12,1163.9633333333334,1163.9633333333334,0.001905517378146075,-0.005919994524860583,Slight or no change
2017-12-07,1159.79,"1,156.59",1163.19,1151.0,2510000.0,2017,12,1157.9933333333333,1157.9933333333333,0.006456371762051508,-0.0019018932874355077,Slight or no change
2017-12-06,1152.35,"1,137.99",1155.89,1136.08,2850000.0,2017,12,1148.1066666666666,1148.1066666666666,0.009443135331166704,-0.006414954431405717,Slight or no change
2017-12-05,1141.57,"1,128.26",1159.27,1124.74,4080000.0,2017,12,1141.86,1141.86,0.006719873010273725,-0.009354796719746594,Slight or no change
2017-12-04,1133.95,"1,173.85",1175.2,1128.0,5930000.0,2017,12,1145.7166666666667,1145.7166666666667,-0.024433260205617813,-0.0066750177387281395,Slight or no change
2017-12-01,1162.35,"1,172.05",1179.65,1152.0,4110000.0000000005,2017,12,1164.6666666666667,1164.6666666666667,-0.012237093690248644,0.025045195996296066,Slight or no change
2017-11-30,1176.75,"1,167.10",1178.57,1160.0,4510000.0,2017,11,1171.7733333333333,1171.7733333333333,0.0133302332790824,0.012388695315524556,Slight or no change
2017-11-29,1161.27,"1,194.80",1194.8,1145.19,9260000.0,2017,11,1167.0866666666666,1167.0866666666666,-0.027086126005361873,-0.013154875717017234,Slight or no change
2017-11-28,1193.6,"1,204.88",1205.34,1188.52,4560000.0,2017,11,1195.82,1195.82,-0.001864813560455933,0.027840209425887164,Slight or no change
2017-11-27,1195.83,"1,202.66",1213.41,1191.15,6740000.0,2017,11,1200.1299999999999,1200.1299999999999,0.008288364249578354,0.0018682975871313623,Slight or no change
2017-11-24,1186.0,"1,160.70",1186.84,1160.7,3530000.0,2017,11,1177.8466666666666,1177.8466666666666,0.02580957652920004,-0.008220231972771996,Slight or no change
2017-11-22,1156.16,"1,141.00",1160.27,1141.0,3560000.0,2017,11,1152.4766666666667,1152.4766666666667,0.01462935172752729,-0.025160202360876793,Slight or no change
2017-11-21,1139.49,"1,132.86",1140.0,1128.2,2480000.0,2017,11,1135.8966666666665,1135.8966666666665,0.011701929308982487,-0.014418419595903731,Slight or no change
2017-11-20,1126.31,"1,129.77",1133.42,1122.55,2160000.0,2017,11,1127.4266666666665,1127.4266666666665,-0.0031596275710696385,-0.011566578030522523,Slight or no change
2017-11-17,1129.88,"1,138.28",1138.8,1125.81,2410000.0,2017,11,1131.4966666666667,1131.4966666666667,-0.00651548857371458,0.0031696424607792206,Slight or no change
2017-11-16,1137.29,"1,130.16",1138.16,1130.05,2210000.0,2017,11,1135.1666666666667,1135.1666666666667,0.009408089181584915,0.006558218571883545,Slight or no change
2017-11-15,1126.69,"1,127.01",1131.75,1121.63,3930000.0,2017,11,1126.69,1126.69,-0.00892825727455039,-0.009320402008282769,Slight or no change
2017-11-14,1136.84,"1,130.11",1138.0,1123.89,3140000.0,2017,11,1132.91,1132.91,0.006792599874243776,0.0090086891691592,Slight or no change
2017-11-13,1129.17,"1,123.00",1139.9,1122.34,2920000.0,2017,11,1130.47,1130.47,0.0033944994890479975,-0.006746771753280867,Slight or no change
2017-11-10,1125.35,"1,126.10",1131.75,1124.06,2180000.0,2017,11,1127.0533333333333,1127.0533333333333,-0.0033477101839471095,-0.0033830158434957625,Slight or no change
2017-11-09,1129.13,"1,125.96",1129.62,1115.77,3730000.0,2017,11,1124.84,1124.84,-0.0033101475884471433,0.003358954991780516,Slight or no change
2017-11-08,1132.88,"1,122.82",1135.54,1119.11,2580000.0,2017,11,1129.1766666666665,1129.1766666666665,0.008645173927366325,0.003321141055502963,Slight or no change
2017-11-07,1123.17,"1,124.74",1130.6,1117.5,2690000.0,2017,11,1123.7566666666667,1123.7566666666667,0.0022397515749647445,-0.008571075489019142,Slight or no change
2017-11-06,1120.66,"1,109.15",1125.41,1108.77,3380000.0,2017,11,1118.28,1118.28,0.008150413817920272,-0.0022347462984232402,Slight or no change
2017-11-03,1111.6,"1,091.15",1112.68,1088.52,3750000.0,2017,11,1104.2666666666667,1104.2666666666667,0.015883460364460422,-0.008084521621187668,Slight or no change
2017-11-02,1094.22,"1,097.81",1101.93,1086.87,3680000.0,2017,11,1094.34,1094.34,-0.008571325021745466,-0.015635120546959258,Slight or no change
2017-11-01,1103.68,"1,105.40",1108.97,1096.74,3760000.0,2017,11,1103.13,1103.13,-0.0014475969889981807,0.008645427793313898,Slight or no change
2017-10-31,1105.28,"1,109.00",1110.54,1101.12,3480000.0,2017,10,1105.6466666666665,1105.6466666666665,-0.0050141783319079414,0.0014496955639315967,Slight or no change
2017-10-30,1110.85,"1,095.01",1122.79,1093.56,6610000.0,2017,10,1109.0666666666666,1109.0666666666666,0.008992233979744642,0.005039447017950227,Slight or no change
2017-10-27,1100.95,"1,058.14",1105.58,1050.55,16570000.0,2017,10,1085.6933333333334,1085.6933333333334,0.13216375471756334,-0.00891209434217033,Slight or no change
2017-10-26,972.43,980.33,982.9,968.55,5620000.0,2017,10,974.6266666666667,974.6266666666668,-0.000493365265029672,-0.116735546573414,Slight or no change
2017-10-25,972.91,978.00,984.44,966.24,3030000.0,2017,10,974.5300000000001,974.5300000000002,0.0,0.0004936087944633627,Slight or no change
